A,17-Sep-2001,21.15,22.48,21,21.75,2541300
AA,17-Sep-2001,32.4,32.5,29.82,30.08,8820200
ABB,17-Sep-2001,6.42,7.02,6.42,6.82,42400
ABC,17-Sep-2001,15.5625,16.22,15.5625,16.005,2158000
ABM,17-Sep-2001,15.25,15.25,14.75,14.78,435200
ABT,17-Sep-2001,48,51.1,47.8,50.53,6810100
ABX,17-Sep-2001,17.75,17.75,16.6,16.65,5565200
ACE,17-Sep-2001,26.75,29.6,26.75,28.51,9099200
ACG,17-Sep-2001,8.75,8.93,8.71,8.85,297700
ACI,17-Sep-2001,8.625,8.69,8.425,8.525,356100
ACN,17-Sep-2001,15.14,15.14,14.47,14.6,1934300
ACP,17-Sep-2001,9.3,9.3,9.05,9.05,2500
ACV,17-Sep-2001,28.22,28.23,27.43,27.48,179550
ADC,17-Sep-2001,18.55,18.95,18.55,18.95,5200
ADM,17-Sep-2001,12.95,12.99,12.48,12.52,1571700
ADS,17-Sep-2001,14.5,14.5,13.9,13.9,28900
ADX,17-Sep-2001,15,15,14.7,14.91,146500
AED,17-Sep-2001,20.92,23.6,20.92,21.6,600
AEE,17-Sep-2001,39.9,40.41,39.25,40.26,351700
AEG,17-Sep-2001,22.07,22.98,21.88,22.53,346840
AEM,17-Sep-2001,10.6,10.85,10.05,10.55,611100
AEO,17-Sep-2001,6.44,6.487,5.94,6.316,16172100
AEP,17-Sep-2001,48.5,48.5,46,46.06,876600
AES,17-Sep-2001,26.5,27.98,26.42,27.5,4348000
AES-C,17-Sep-2001,49,50,48,49.5,43400
AET,17-Sep-2001,7.063,7.125,6.673,7.035,1204700
AF,17-Sep-2001,17.89,19.38,17.55,19.33,4723500
AFG,17-Sep-2001,14.507,14.507,13.774,14.08,263700
AFL,17-Sep-2001,26.1,26.1,24.06,25.35,2337400
AG,17-Sep-2001,10.3,10.47,9.75,9.96,315200
AGCO,17-Sep-2001,10.3,10.47,9.75,9.96,315200
AGM,17-Sep-2001,35.1,35.35,34.77,34.9,46100
AGM.A,17-Sep-2001,27.65,27.65,27.65,27.65,0
AGN,17-Sep-2001,33.64,33.685,32.34,32.405,999400
AGR,17-Sep-2001,44.5,44.9,38.7,40.8,803620
AGU,17-Sep-2001,9.41,10.05,9.41,9.71,102600
AIB,17-Sep-2001,105.25,105.5,102.55,103.5,1124300
AIG,17-Sep-2001,1340,1421.4,1339.8,1420,19818700
AIN,17-Sep-2001,19.65,19.65,18.35,18.45,59200
AIR,17-Sep-2001,11.25,12.3,11.25,11.66,440700
AIT,17-Sep-2001,7.717,7.737,7.691,7.711,44400
AIV,17-Sep-2001,46.8,46.8,45.7,45.7,70800
AJG,17-Sep-2001,31,31,28.39,30.35,2514000
AKO.A,17-Sep-2001,12.18,12.18,11.75,11.95,51700
AKO.B,17-Sep-2001,10,10,9.2,9.2,2800
AKR,17-Sep-2001,6.51,6.51,6.26,6.26,5600
AKS,17-Sep-2001,10.5,10.5,9.65,9.69,1262700
AL,17-Sep-2001,28.84,28.84,27.59,27.78,1648200
ALB,17-Sep-2001,9.55,9.55,9.135,9.135,74400
ALE,17-Sep-2001,30.18,30.18,28.68,29.07,78600
ALG,17-Sep-2001,14.6,14.6,14.5,14.5,1900
ALK,17-Sep-2001,5.5625,5.75,5.2125,5.42,1040100
ALL,17-Sep-2001,30,33.6,30,33.5,6391900
ALP-O,17-Sep-2001,22.6,22.6,22.6,22.6,1100
ALV,17-Sep-2001,16.4,16.9,16,16.57,124000
ALX,17-Sep-2001,63.88,63.88,63.88,63.88,0
AM,17-Sep-2001,11.85,12.5,11.6,11.87,401200
AME,17-Sep-2001,4.3578,4.3578,4.0613,4.1978,232200
AMG,17-Sep-2001,42.4,42.53,40.67,41.01,774900
AMT,17-Sep-2001,11.35,12.75,11.2,11.54,1825000
AMX,17-Sep-2001,2.085,2.165,2.04,2.065,8365800
AN,17-Sep-2001,10,10,9.12,9.2,1314900
ANF,17-Sep-2001,17.05,19.75,17,19.04,4657000
ANH,17-Sep-2001,7.45,7.55,7.31,7.55,17100
AOI,17-Sep-2001,72.5,72.5,70.6,72.1,34800
AON,17-Sep-2001,34,38.07,33.9,36.25,5345600
AOS,17-Sep-2001,5.4234,5.4234,5.3334,5.3834,16400
AP,17-Sep-2001,10.45,10.7,10.35,10.35,13300
APA,17-Sep-2001,21.65,21.65,20.14,20.31,4728570
APB,17-Sep-2001,6.65,6.7,6.41,6.43,68500
APC,17-Sep-2001,26.7,27.3,25.2,25.675,4744000
APD,17-Sep-2001,38.25,38.58,37,37.48,1732800
APF,17-Sep-2001,6.6,6.7,6.4,6.6,72400
APH,17-Sep-2001,4.3625,4.4125,4.27,4.295,581400
APU,17-Sep-2001,23.2,23.75,22.98,23.5,56300
ARE,17-Sep-2001,38.55,38.6,37.89,37.89,13100
ARG,17-Sep-2001,12.9,13,12,12.14,238700
ARL,17-Sep-2001,11,11,10.7,10.75,2100
ARW,17-Sep-2001,23,23.15,21.7,21.7,680800
ASA,17-Sep-2001,6,6.0333,5.8667,5.8833,170200
ASG,17-Sep-2001,7.15,7.44,6.98,7.1,204400
ASH,17-Sep-2001,34.83,35.29,33.18,33.18,346269
ASR,17-Sep-2001,14.75,14.75,14.35,14.35,10200
ASX,17-Sep-2001,2.32,2.32,2.11,2.15,185986
ATI,17-Sep-2001,18.05,18.05,15.5,16.49,532400
ATO,17-Sep-2001,22.25,22.25,21.55,21.61,75800
ATR,17-Sep-2001,17.375,17.375,16.635,16.635,57400
ATU,17-Sep-2001,5.32,5.32,5.14,5.14,31600
ATW,17-Sep-2001,7.925,8,7.653,7.823,42700
AU,17-Sep-2001,16.74,17.24,16.46,16.52,695700
AV,17-Sep-2001,11.75,11.83,11.05,11.31,1067900
AVA,17-Sep-2001,15.45,15.9,15.15,15.4,190800
AVB,17-Sep-2001,48.74,48.74,46.8,47.35,213400
AVP,17-Sep-2001,23.85,24.38,23.72,23.87,3070000
AVT,17-Sep-2001,20.25,21.09,19.63,19.96,571400
AVX,17-Sep-2001,18,18.65,16.75,18.45,454900
AVY,17-Sep-2001,47.85,47.85,45.4,46.7,394600
AWF,17-Sep-2001,9.2,10,9.2,9.6,344000
AWR,17-Sep-2001,11.115,11.585,10.965,11.535,82800
AXE,17-Sep-2001,27.5,27.5,25.3,25.4,445300
AXL,17-Sep-2001,16.5,16.5,13.9,13.95,249400
AXP,17-Sep-2001,29,30.3,29,30.25,31986300
AXR,17-Sep-2001,4.2,4.2,4,4.1,4000
AZN,17-Sep-2001,45.6,46.59,45.2,45.2,726900
AZO,17-Sep-2001,39.5,39.5,38.07,38.49,1300700
AZZ,17-Sep-2001,3.575,3.6875,3.55,3.6375,47000
B,17-Sep-2001,11.075,11.1,11.005,11.005,23100
BA,17-Sep-2001,35.65,38.7,35.45,35.8,21274300
BAC,17-Sep-2001,27,28.05,26.98,27.18,30146000
BAK,17-Sep-2001,4.07,4.07,3.6,3.6,41200
BAP,17-Sep-2001,9.15,9.15,8.92,9.05,6800
BAX,17-Sep-2001,54,54.1,53,53.41,3429000
BBD,17-Sep-2001,1.4583,1.7674,1.4583,1.6348,200400
BBF,17-Sep-2001,15,15.02,14.96,14.96,12300
BBL,17-Sep-2001,4.8,4.8,4.8,4.8,0
BBT,17-Sep-2001,34.5,34.5,32.9,34.05,1141500
BBVA,17-Sep-2001,10.45,11,10.45,10.75,203700
BBX,17-Sep-2001,32.25,33.3,30.6,32.45,227200
BBY,17-Sep-2001,22.13,22.33,21.09,21.33,10635750
BC,17-Sep-2001,18,18.92,17.75,17.8,1316100
BCE,17-Sep-2001,23.2,23.93,22.5,22.65,471900
BCO,17-Sep-2001,21,21.91,19.25,19.96,338000
BCR,17-Sep-2001,25.05,25.68,24.7,24.91,997600
BCS,17-Sep-2001,25.52,26.75,25,25.75,96400
BDC,17-Sep-2001,24.9,24.9,23.7,23.9,80450
BDJ,17-Sep-2001,10.25,10.25,10.07,10.07,12400
BDN,17-Sep-2001,20.6,20.6,19.97,19.97,106800
BDX,17-Sep-2001,34.45,36.17,33.79,36.15,1264300
BEN,17-Sep-2001,12.9667,12.9667,11.9833,12.0667,862100
BF.B,17-Sep-2001,21.5667,21.5667,20.6733,20.9133,147000
BFK,17-Sep-2001,15.01,15.06,14.84,14.89,107100
BFR,17-Sep-2001,11.6,11.6,10.8,10.81,41500
BFS,17-Sep-2001,19,19,18.8,18.8,14700
BFZ,17-Sep-2001,15.26,15.28,15.08,15.08,30100
BG,17-Sep-2001,16,17.2,15.6,17,97100
BGC,17-Sep-2001,10.5,11.25,10.02,10.1,283500
BGG,17-Sep-2001,17.4,17.4,16.41,16.76,184600
BHE,17-Sep-2001,9.225,9.225,8.851,8.951,107850
BHI,17-Sep-2001,35.15,35.9,33.2,33.9,2332700
BHP,17-Sep-2001,8.47,8.47,8.2,8.26,57900
BID,17-Sep-2001,13.21,13.35,12.3,12.3,84000
BIF,17-Sep-2001,8.57,8.57,8.57,8.57,700
BK,17-Sep-2001,31.25,35.05,31,33.58,8726800
BKE,17-Sep-2001,11.939,11.946,11.339,11.439,47000
BKH,17-Sep-2001,31.5,31.95,30.95,31.39,122700
BKN,17-Sep-2001,13.75,13.86,13.73,13.82,28500
BKS,17-Sep-2001,24.51,24.87,24.1,24.65,1564200
BKT,17-Sep-2001,7.99,7.99,7.38,7.45,228800
BLH,17-Sep-2001,25,25,25,25,0
BLK,17-Sep-2001,40.2,43.65,40,43.65,121200
BLL,17-Sep-2001,6.94,6.94,6.745,6.86,1810000
BLT,17-Sep-2001,2.47,2.5,2.45,2.47,18300
BLX,17-Sep-2001,30.8,30.85,30.05,30.2,12900
BMO,17-Sep-2001,25.15,26.13,25.15,26.12,78000
BMS,17-Sep-2001,20.74,20.74,19.25,19.36,382600
BMY,17-Sep-2001,59.9,60,57.35,58.3,7742500
BNJ,17-Sep-2001,15.2,15.3,15.07,15.1,16700
BNK,17-Sep-2001,20.95,21,20.16,20.35,866300
BNS,17-Sep-2001,15.78,15.78,15.78,15.78,0
BNY,17-Sep-2001,15.3,15.3,14.96,14.96,33000
BOH,17-Sep-2001,24,24.6,23,23.71,809400
BP,17-Sep-2001,48.8,49.95,48.3,49.16,4376500
BPL,17-Sep-2001,36.9,36.9,36.15,36.4,42900
BPT,17-Sep-2001,16.3,16.98,16.3,16.51,347400
BRC,17-Sep-2001,17.05,17.06,15.65,16.03,78800
BRK.A,17-Sep-2001,62800,65700,62500,64000,1300
BRK.B,17-Sep-2001,41.1,43.98,41.1,42.66,57610
BRO,17-Sep-2001,10.375,11.38,10.3,11.38,617000
BRT,17-Sep-2001,9.88,9.88,9.8,9.85,2500
BSD,17-Sep-2001,14.78,14.84,14.68,14.7,16800
BSI,17-Sep-2001,14.49,14.49,14.49,14.49,0
BSX,17-Sep-2001,8.6,9.05,8.51,8.84,3039800
BT,17-Sep-2001,41.16,42.65,40.84,41.42,166600
BTO,17-Sep-2001,32.4,32.4,31.4,31.56,380100
BTU,17-Sep-2001,7.09,7.29,7.025,7.165,329800
BUD,17-Sep-2001,43.95,44.35,42.98,44.06,3348900
BVN,17-Sep-2001,2.625,2.813,2.625,2.75,1156000
BW,17-Sep-2001,14.5,14.9,14.03,14.3,33800
BWA,17-Sep-2001,6.0625,6.0625,5.375,5.375,443600
BXP,17-Sep-2001,38.1,38.9,36.2,36.2,1250700
BXS,17-Sep-2001,15.56,15.95,14.5,14.5,125200
BYD,17-Sep-2001,5.1,5.1,4.4,4.6,259200
BZH,17-Sep-2001,89.25,90,82.8,84.15,894900
C,17-Sep-2001,382.5,405.1,382.5,396,3236970
CACI,17-Sep-2001,10.74,12.86,10.735,12.62,1918200
CAE,17-Sep-2001,11,11,9.45,9.55,71700
CAG,17-Sep-2001,22.19,22.67,21.7,22.48,1307600
CAH,17-Sep-2001,72,72,68,71,2860900
CAI,17-Sep-2001,21.48,25.72,21.47,25.24,1918200
CAJ,17-Sep-2001,16.675,18.343,16.675,18.156,82400
CAL,17-Sep-2001,19,20.77,19,20.05,12030500
CAM,17-Sep-2001,11.438,11.613,10.313,10.493,724700
CAT,17-Sep-2001,23.5,24.23,21.93,22.35,8092600
CB,17-Sep-2001,30,31.8,29.8,31.525,2987600
CBA,17-Sep-2001,12,13.5,12,12.8,34700
CBB,17-Sep-2001,16.25,16.45,15.61,15.9,1935300
CBB-B,17-Sep-2001,39.2,40.12,39.2,39.82,21500
CBD,17-Sep-2001,9,9,8.35,8.55,71800
CBI,17-Sep-2001,6.44,6.44,6.24,6.24,44800
CBK,17-Sep-2001,11.38,12.67,11.31,11.59,1799550
CBL,17-Sep-2001,13.625,13.685,13.46,13.6,211600
CBM,17-Sep-2001,39.6,39.6,37.78,37.78,63600
CBR,17-Sep-2001,6.1,6.1,5.54,5.8,194900
CBT,17-Sep-2001,38.7,38.8,38.05,38.46,365800
CBU,17-Sep-2001,13.8,13.98,13.63,13.9,24800
CC,17-Sep-2001,6.34,6.9,6.34,6.8,4741800
CCC,17-Sep-2001,8,8.29,7.95,8.05,46700
CCE,17-Sep-2001,14.5,15.16,14.48,15.05,907200
CCI,17-Sep-2001,9,9.9,8.76,9,2020400
CCJ,17-Sep-2001,3.95,3.97,3.9,3.915,38400
CCK,17-Sep-2001,2.95,2.98,2.75,2.85,805500
CCL,17-Sep-2001,17,20.21,16.95,19.43,16215900
CCU,17-Sep-2001,14.8,16.204,14.76,15.64,10515800
CCZ,17-Sep-2001,51.46,51.7,51.46,51.7,1100
CDE,17-Sep-2001,8.9,8.9,7.3,8.5,563000
CDI,17-Sep-2001,16.95,16.95,16.02,16.02,11300
CDR,17-Sep-2001,10.14,10.14,10.14,10.14,0
CE,17-Sep-2001,22.6,24.39,22.16,24.26,10017800
CEA,17-Sep-2001,6.1,6.1,5.25,5.25,21900
CEE,17-Sep-2001,9.92,9.92,9.4,9.4,11600
CEL,17-Sep-2001,36,36,32.5,33,3540
CEM,17-Sep-2001,8.25,8.25,7.41,7.5,1055300
CEN,17-Sep-2001,17.55,17.55,16,16,395900
CEO,17-Sep-2001,19.97,21.45,19.97,21.25,77900
CF,17-Sep-2001,5.058,5.162,4.978,5.09,1196265
CFI,17-Sep-2001,3.7,3.7,3.65,3.65,4800
CFR,17-Sep-2001,32.8,32.8,31.4,31.95,107500
CGA,17-Sep-2001,7.1,7.45,7.1,7.45,56600
CGI,17-Sep-2001,9.25,9.308,9.225,9.263,69600
CHA,17-Sep-2001,72.063,72.063,72.063,72.063,0
CHD,17-Sep-2001,8.905,8.905,8.55,8.835,204900
CHE,17-Sep-2001,14.62,14.62,13.98,14,29600
CHH,17-Sep-2001,9.75,9.75,8.275,8.275,133100
CHK,17-Sep-2001,6.8,6.81,6.13,6.2,1286400
CHL,17-Sep-2001,13.7,15,13.55,14.58,1343100
CHN,17-Sep-2001,10.85,10.85,10.5,10.57,8300
CHS,17-Sep-2001,4.34,5,4.27,4.37,9556800
CHU,17-Sep-2001,9.37,10.25,9.37,10.03,556100
CI,17-Sep-2001,28.971,28.974,28.089,28.475,1382900
CIA,17-Sep-2001,7.29,7.56,7.21,7.33,43580
CIB,17-Sep-2001,1.45,1.51,1.42,1.5,1300
CIF,17-Sep-2001,3.7,3.75,3.61,3.67,118300
CIG,17-Sep-2001,1.6051,1.6051,1.537,1.6051,3000
CIR,17-Sep-2001,16.9,17.3,16.75,17.25,6400
CKH,17-Sep-2001,45.7,45.7,42.92,43.36,21800
CKP,17-Sep-2001,11.25,12.37,11.25,12.2,221200
CL,17-Sep-2001,28.375,28.75,27.925,28.7,2609800
CLB,17-Sep-2001,8,8.2,7.75,8.02,216200
CLC,17-Sep-2001,13.2,13.2,12.5,12.5,35400
CLF,17-Sep-2001,2.015,2.015,1.988,1.988,8800
CLH,17-Sep-2001,12.375,12.375,12.375,12.375,1200
CLI,17-Sep-2001,32,32,29,29.75,4097600
CLS,17-Sep-2001,25,27.7,24.7,25.5,4396700
CLX,17-Sep-2001,39.28,39.29,36.8,38.53,1515500
CM,17-Sep-2001,27.6,27.9,27.6,27.9,1600
CMA,17-Sep-2001,55.93,55.93,53.98,54.18,788100
CMC,17-Sep-2001,3.8,3.8,3.66,3.66,104000
CMI,17-Sep-2001,8.5,8.513,8.013,8.048,593000
CMN,17-Sep-2001,4.28,4.3289,3.88,4.1467,147600
CMO,17-Sep-2001,14.81,15.86,14.67,15.19,47499
CMS,17-Sep-2001,22.87,22.87,22.3,22.39,782400
CMS-B,17-Sep-2001,62.5,62.5,62.5,62.5,0
CMU,17-Sep-2001,6.08,6.11,5.99,6.03,52500
CNA,17-Sep-2001,25,25.69,24.5,25.5,1555900
CNI,17-Sep-2001,6.895,6.9,6.5375,6.5675,407850
CNL,17-Sep-2001,21.53,21.58,20.75,21,64300
CNP,17-Sep-2001,24.13,24.13,23.09,23.49,704800
CNQ,17-Sep-2001,3.68,3.775,3.68,3.72,127600
CNX,17-Sep-2001,12.695,12.7,12.075,12.5,97900
COF,17-Sep-2001,45,46.75,43.5,44.92,3915200
COG,17-Sep-2001,1.9538,1.9963,1.9163,1.9188,439650
COH,17-Sep-2001,2.94,3.44,2.94,3.17,10682400
COL,17-Sep-2001,14.4,17.75,14.4,15.5,1121800
COO,17-Sep-2001,24.85,24.85,24.1,24.25,152400
COP,17-Sep-2001,29.29,29.63,28.75,29.3,5160200
COT,17-Sep-2001,13.6,13.79,13.03,13.58,182500
CP,17-Sep-2001,17.75,17.75,15.95,15.95,23000
CPB,17-Sep-2001,28.6,29,27.72,28.35,980300
CPE,17-Sep-2001,7.5,7.8,7.3,7.5,278300
CPF,17-Sep-2001,319,319,300,300,7400
CPK,17-Sep-2001,12.1867,12.4,12.1467,12.2,12100
CPS,17-Sep-2001,29.63,30.64,29.25,30.19,921466
CPT,17-Sep-2001,36.1,36.5,35.6,35.92,173900
CR,17-Sep-2001,24.5,24.65,23.38,23.38,208200
CRD.A,17-Sep-2001,9.65,9.9,9.65,9.9,4300
CRD.B,17-Sep-2001,12.95,13.1,12.2,12.2,13400
CRH,17-Sep-2001,25.15,25.2,25,25.2,2500
CRK,17-Sep-2001,7.55,7.87,7.02,7.15,131200
CRL,17-Sep-2001,31.95,31.95,31,31.2,126000
CRR,17-Sep-2001,19.843,20.544,19.843,20.277,59800
CRS,17-Sep-2001,13.45,13.45,12.495,12.495,68400
CRT,17-Sep-2001,19.2,19.9,19.2,19.9,11100
CRY,17-Sep-2001,34,35.6,32.6,33.5,196700
CSC,17-Sep-2001,31,35.19,31,32.3,2072200
CSH,17-Sep-2001,8.35,8.9,8.23,8.85,40700
CSL,17-Sep-2001,16.975,16.975,15.74,15.74,45100
CSS,17-Sep-2001,17.27,17.27,17.2,17.2,1050
CSU,17-Sep-2001,2.4,2.4,2.1,2.1,17100
CSV,17-Sep-2001,6,6.24,5.9,6.15,73900
CTB,17-Sep-2001,14.75,14.8,13.6,14.46,492100
CTL,17-Sep-2001,32,32.65,31.87,32.25,1347200
CTR,17-Sep-2001,11.679,11.706,11.339,11.506,35400
CTS,17-Sep-2001,16.25,16.9,15.51,15.61,178300
CTV,17-Sep-2001,19.9,19.9,18.16,18.86,341200
CTX,17-Sep-2001,16.88,16.88,15.35,15.37,2173600
CUB,17-Sep-2001,9.67,10.27,9.67,10.1,125700
CUZ,17-Sep-2001,19.14,19.35,19.1,19.22,127000
CVC,17-Sep-2001,41.25,42.56,40,40,498300
CVG,17-Sep-2001,26.5,26.5,25.18,26,1530800
CVO,17-Sep-2001,4.5,4.55,4.01,4.16,139200
CVS,17-Sep-2001,17.75,18.23,17.68,17.82,7226600
CVX,17-Sep-2001,46.25,46.25,45.11,45.11,10129800
CW,17-Sep-2001,11.565,11.565,11.175,11.175,36800
CWT,17-Sep-2001,12.25,13.385,12.25,12.8,66600
CX,17-Sep-2001,11.825,11.825,10.95,11.195,2106400
CXE,17-Sep-2001,6.8,6.84,6.67,6.74,67700
CXH,17-Sep-2001,10.54,10.6,10.47,10.47,23200
CXW,17-Sep-2001,4.769,4.803,4.569,4.753,105500
CYD,17-Sep-2001,0.68,0.68,0.65,0.65,10100
CYH,17-Sep-2001,28.75,30.3,28.75,29.22,105300
D,17-Sep-2001,30.13,30.75,29.85,30.12,2796800
DB,17-Sep-2001,60,60,60,60,0
DBD,17-Sep-2001,33.26,35,33.19,35,510600
DCA,17-Sep-2001,25.4,25.5,25.25,25.25,2600
DCI,17-Sep-2001,7.175,7.215,6.755,6.825,358000
DCM,17-Sep-2001,22,24.1,22,22.4,46250
DCO,17-Sep-2001,12.8,12.8,11.9,12,58300
DD,17-Sep-2001,36.99,36.99,33.99,34.45,7783000
DD-A,17-Sep-2001,57.65,57.65,57.65,57.65,0
DD-B,17-Sep-2001,76,76,75,75,500
DDD,17-Sep-2001,4.7733,5,4.76,4.84,84400
DDF,17-Sep-2001,13.9,13.9,13.65,13.65,44900
DDR,17-Sep-2001,16.75,17.2,16.55,16.83,303800
DDS,17-Sep-2001,15.5,15.5,13.6,14.33,928700
DDT,17-Sep-2001,20.59,20.59,19.9,19.98,10800
DE,17-Sep-2001,20,20.125,18.925,19.85,3588100
DECK,17-Sep-2001,1.42,1.4633,1.2333,1.4333,123300
DEG,17-Sep-2001,13.125,13.25,13.05,13.05,24700
DEL,17-Sep-2001,26.8,26.8,25.6,25.6,8400
DEO,17-Sep-2001,39.25,40.49,39.25,40.15,183400
DF,17-Sep-2001,31.94,32.24,31.44,31.76,1041300
DG,17-Sep-2001,15.6,15.6,14.82,15.46,1183200
DGX,17-Sep-2001,28.75,29.75,28.75,29.42,861600
DHF,17-Sep-2001,6.19,6.19,5.3,5.71,266500
DHI,17-Sep-2001,7,7.33,6.88,6.89,3163500
DHR,17-Sep-2001,12.75,12.91,11.995,12.3,5923800
DIS,17-Sep-2001,19,21,18.85,19.25,46249200
DKL,17-Sep-2001,16.77,16.77,16.77,16.77,0
DLX,17-Sep-2001,31.4,31.7,30.34,31.35,418800
DNB,17-Sep-2001,28.2,29.4,28.03,29.23,296000
DNP,17-Sep-2001,10.8,10.85,10.45,10.78,445300
DNR,17-Sep-2001,2.238,2.37,2.175,2.35,112100
DO,17-Sep-2001,29.17,29.9,27,28.06,1308800
DOM,17-Sep-2001,19,19.6,19,19.55,27600
DOV,17-Sep-2001,33.9,33.9,31.7,31.77,1040300
DOW,17-Sep-2001,31.8,31.98,30.28,30.6,4580600
DRE,17-Sep-2001,23.9,24.1,23.05,23.18,436900
DRI,17-Sep-2001,17.17,17.17,16.2,16.58,1216200
DRQ,17-Sep-2001,8.725,8.875,8.175,8.195,16400
DSL,17-Sep-2001,43.62,44.7,42.2,44.36,153900
DSM,17-Sep-2001,9.2,9.31,9.12,9.15,36300
DST,17-Sep-2001,46.71,46.71,43.75,44.3,351100
DSU,17-Sep-2001,6.82,6.9,6.5,6.65,312700
DTE,17-Sep-2001,43.15,43.81,43,43.26,626200
DTF,17-Sep-2001,14.8,14.8,14.59,14.65,16500
DUC,17-Sep-2001,13.61,13.69,13.41,13.64,26800
DUK,17-Sep-2001,119.25,119.4,114.15,114.15,3204000
DV,17-Sep-2001,31.15,31.22,30.17,30.76,214800
DVA,17-Sep-2001,6.4,6.605,6.365,6.4,519750
DVD,17-Sep-2001,6.33,6.33,5.87,5.87,58300
DVN,17-Sep-2001,21.88,22.13,20.93,21.45,3275000
DW,17-Sep-2001,4.575,4.575,4.575,4.575,1600
DX,17-Sep-2001,2.38,2.45,2.35,2.4,43700
DY,17-Sep-2001,12.35,12.39,11.7,11.76,227300
DYN,17-Sep-2001,194,196.25,190,192.75,1242800
E,17-Sep-2001,24.735,25.135,24.26,24.428,111500
EAT,17-Sep-2001,16.508,16.508,15.614,15.975,508300
EBF,17-Sep-2001,8.9,8.9,8.7,8.7,21700
EC,17-Sep-2001,22,22.57,21.83,22.05,718200
ECA,17-Sep-2001,13.785,13.82,13.575,13.665,62500
ECL,17-Sep-2001,17.25,18.24,17.16,17.5,2182000
ED,17-Sep-2001,41.25,41.35,40,41.09,1529700
EDE,17-Sep-2001,20.14,20.14,19.76,19.95,32600
EDF,17-Sep-2001,12.11,12.27,11.75,11.75,98400
EE,17-Sep-2001,14.1,14.15,13.8,14.02,75700
EEA,17-Sep-2001,7.2,7.2,6.85,6.9,54000
EEP,17-Sep-2001,24.175,24.5,24.005,24.455,43800
EFX,17-Sep-2001,24.25,24.27,22.3,22.4,745900
EGN,17-Sep-2001,13.55,13.58,13.25,13.28,137800
EGP,17-Sep-2001,21.3,21.66,20.56,20.75,43500
EIX,17-Sep-2001,13.85,13.85,12.58,12.58,1105200
EL,17-Sep-2001,18,18.12,17.495,17.63,1250500
ELP,17-Sep-2001,5.35,6.3,5.35,5.92,495700
ELS,17-Sep-2001,11.23,11.275,11.1,11.16,43100
ELY,17-Sep-2001,15.25,15.25,13.7,14.25,895500
EMC,17-Sep-2001,12.95,15.3,12.9,13.75,46666500
EMD,17-Sep-2001,12.89,12.9,12.37,12.4,24600
EME,17-Sep-2001,9.123,9.438,9.123,9.2,115700
EMF,17-Sep-2001,7.85,7.94,7.25,7.49,71100
EMN,17-Sep-2001,18.065,18.07,16.865,17,595800
EMR,17-Sep-2001,24.7,25.045,24,24.465,3077300
ENB,17-Sep-2001,6.55,6.72,6.54,6.715,52000
ENI,17-Sep-2001,13.4,13.4,12.68,12.78,122100
ENR,17-Sep-2001,17.3,17.3,16.3,16.81,361400
ENZ,17-Sep-2001,18.57,19.87,17.11,17.24,280606
EOC,17-Sep-2001,9.85,9.9,9.65,9.66,79000
EOG,17-Sep-2001,8.2,8.3,7.675,7.695,2485800
EP-C,17-Sep-2001,63,63,62.16,62.16,75000
EPC,17-Sep-2001,31.75,32.15,31.35,31.9,4600
EPD,17-Sep-2001,11.375,11.625,11.29,11.5,73200
EPR,17-Sep-2001,16.8,17.05,16.65,16.75,47300
EQR,17-Sep-2001,28.63,29.37,28.63,28.85,1862200
EQS,17-Sep-2001,7.99,7.99,7.86,7.94,14850
EQT,17-Sep-2001,15.7,15.75,15.15,15.305,162100
EQY,17-Sep-2001,10.92,11.3,10.83,11.15,23900
ERF,17-Sep-2001,16.9,16.97,16.7,16.74,226000
ERJ,17-Sep-2001,9.19,14.1,9.19,13.75,5532590
ESE,17-Sep-2001,12.95,13.33,12.7,12.775,32500
ESI,17-Sep-2001,14.5,14.57,14.01,14.01,213600
ESL,17-Sep-2001,18.05,18.05,16.37,16.5,149200
ESS,17-Sep-2001,50.5,50.55,49.44,49.44,35900
ESV,17-Sep-2001,19.6,19.74,16.97,17.45,2408300
ETH,17-Sep-2001,32.5,32.5,29.23,29.23,882300
ETM,17-Sep-2001,35.91,35.91,32.54,32.85,180900
ETN,17-Sep-2001,16.625,16.625,15.91,15.99,521000
ETP,17-Sep-2001,13.28,13.35,13.03,13.08,95400
ETR,17-Sep-2001,38.8,38.8,37.6,38.4,680900
EV,17-Sep-2001,15.6,15.6,14.75,14.8,469600
EVC,17-Sep-2001,10.65,10.65,9.91,10.2,43900
EVF,17-Sep-2001,8.65,8.65,8.2,8.22,77300
EVG,17-Sep-2001,20.25,20.8,20.13,20.6,366800
EVN,17-Sep-2001,13.8,13.82,13.37,13.54,58400
EW,17-Sep-2001,12.325,12.775,12.15,12.41,268000
EXC,17-Sep-2001,27.4,27.49,26.42,27.12,2469600
EXP,17-Sep-2001,10.723,10.756,10.39,10.49,11300
F,17-Sep-2001,17.1,17.74,16.1,16.55,17501900
FAC,17-Sep-2001,3.5,3.5,3.05,3.05,21500
FAF,17-Sep-2001,17.65,19.74,17.3,19.05,693800
FBC,17-Sep-2001,700,775,687,775,382200
FBP,17-Sep-2001,131.55,131.55,127.5,128.55,120600
FBR,17-Sep-2001,5.75,5.9,5.5,5.65,44100
FC,17-Sep-2001,4,4.1,4,4.1,16600
FCE.A,17-Sep-2001,16.642,16.659,16.175,16.175,16300
FCE.B,17-Sep-2001,16.509,16.675,16.342,16.342,1300
FCF,17-Sep-2001,11.8,11.82,10.75,10.8,43600
FCH,17-Sep-2001,16.75,16.76,15.6,15.82,1739000
FCH-A,17-Sep-2001,13,19,13,19,71300
FCN,17-Sep-2001,10.67,11.11,10.55,11.07,237600
FCX,17-Sep-2001,5.975,5.975,5.655,5.655,845800
FDC,17-Sep-2001,30.25,30.25,28.98,29.48,6968000
FDI,17-Sep-2001,15.35,15.59,15.3,15.57,13100
FDP,17-Sep-2001,14.4,14.4,12.95,13.2,210200
FDS,17-Sep-2001,15.4,15.4,13.37,13.47,331200
FDX,17-Sep-2001,33.5,38.38,33.29,38.3,3824800
FE,17-Sep-2001,33.06,33.06,31.8,32.49,1215600
FF,17-Sep-2001,11.99,11.99,11.45,11.7,130200
FFG,17-Sep-2001,17.5,17.5,16.8,16.99,7400
FGP,17-Sep-2001,19,19.36,18.9,19,95700
FHN,17-Sep-2001,34,34,32.91,33,546100
FIF,17-Sep-2001,18.176,18.176,17.022,17.275,170400
FII,17-Sep-2001,27.23,27.8,26.23,26.95,493000
FIX,17-Sep-2001,3.15,3.2,3.1,3.17,20100
FL,17-Sep-2001,15.5,15.5,14.25,14.41,1048300
FLO,17-Sep-2001,3.4267,3.5315,3.3653,3.4542,203625
FLR,17-Sep-2001,20.25,21.45,20,21.16,293400
FLS,17-Sep-2001,7.75,7.8333,7.5,7.7167,127700
FMC,17-Sep-2001,7.68,7.68,6.9825,7.0375,464700
FMS,17-Sep-2001,11.875,12.175,11.85,11.975,39500
FMX,17-Sep-2001,9.99,10.356,9.814,9.993,435300
FNB,17-Sep-2001,12.56,12.79,12.06,12.58,142332
FNF,17-Sep-2001,7.935,9.605,7.635,8.395,2306865
FOE,17-Sep-2001,22.62,22.62,21.56,21.82,247500
FPL,17-Sep-2001,27.85,27.925,27.175,27.675,1123900
FPT,17-Sep-2001,7.25,7.5,7.25,7.38,56000
FR,17-Sep-2001,30,30.24,29.3,30,391700
FRC,17-Sep-2001,14.441,14.441,14.24,14.334,34800
FRO,17-Sep-2001,8.92,9.12,8.58,8.71,74400
FRT,17-Sep-2001,21.65,22,21.25,21.25,100600
FSS,17-Sep-2001,18.8,20.07,18.8,20.07,455200
FT,17-Sep-2001,8.24,8.24,7.94,8.05,55800
FTI,17-Sep-2001,3.8675,3.8675,3.4,3.475,383300
FUL,17-Sep-2001,13.1,13.1,12.165,12.22,140600
FUN,17-Sep-2001,19,19.31,18.75,19.03,154500
FUR,17-Sep-2001,2.45,2.48,2.3,2.45,60700
GAB,17-Sep-2001,10.53,10.6,10.1,10.1,411400
GAM,17-Sep-2001,30,31.4,30,31.07,58200
GAS,17-Sep-2001,39.16,39.5,37.92,39.5,193800
GB,17-Sep-2001,25.1,25.5,24.6,25,32600
GBL,17-Sep-2001,42.3,42.3,40.65,40.85,26200
GBX,17-Sep-2001,8.25,8.3,8.15,8.25,3000
GCH,17-Sep-2001,7.41,7.41,7,7,50600
GCI,17-Sep-2001,62.15,62.4,60.83,61,1327700
GCO,17-Sep-2001,19,19.01,18.35,18.35,264500
GCV,17-Sep-2001,11,11.5,11,11.25,18300
GD,17-Sep-2001,43.25,43.3,40.385,41.45,6142800
GDF,17-Sep-2001,11.78,11.78,11.58,11.7,33900
GDP,17-Sep-2001,5.5,5.5,5.22,5.25,21500
GE,17-Sep-2001,35.5,37.2,34.5,35.15,71475500
GEF,17-Sep-2001,15.5,15.525,14.025,14.025,41200
GEF.B,17-Sep-2001,30,30,30,30,600
GER,17-Sep-2001,7.2,7.2,6.85,6.9,54000
GES,17-Sep-2001,3.75,3.8,3.58,3.585,73800
GF,17-Sep-2001,5.65,5.68,5.43,5.51,47200
GFF,17-Sep-2001,10.5,10.5,9.9,9.92,61700
GFI,17-Sep-2001,4.47,4.5,3.98,4.19,1242000
GG,17-Sep-2001,6.08,6.13,5.73,5.88,687600
GGB,17-Sep-2001,0.514,0.514,0.445,0.463,57198
GGG,17-Sep-2001,13.78,13.91,13.51,13.55,231075
GGP,17-Sep-2001,11.83,11.83,11.67,11.72,874800
GGT,17-Sep-2001,8.35,8.53,8.15,8.25,21300
GHI,17-Sep-2001,13.51,13.7,13.16,13.65,52900
GI,17-Sep-2001,9.5,9.5,8.88,8.88,45800
GIB,17-Sep-2001,5.25,5.65,5.15,5.64,167000
GIL,17-Sep-2001,1.5,1.65,1.5,1.625,515200
GIM,17-Sep-2001,6.5,6.65,6.45,6.56,249900
GIS,17-Sep-2001,22.95,22.95,22.325,22.52,2773500
GLF,17-Sep-2001,15.085,15.25,14.915,14.95,10000
GLT,17-Sep-2001,15.8,15.8,14.55,14.55,108700
GLW,17-Sep-2001,10,10.94,9.56,10.2,11142700
GM,17-Sep-2001,46.5,47.5,44.45,44.6,8330000
GMT,17-Sep-2001,37.8,37.8,34.75,34.77,282100
GPC,17-Sep-2001,30.35,30.35,27.99,28.95,671300
GPE-A,17-Sep-2001,24.21,24.7,24,24.25,29300
GPI,17-Sep-2001,27,27.6,21.75,21.95,283500
GPK,17-Sep-2001,6.9,6.9,6.6,6.7,55200
GPN,17-Sep-2001,13.5,13.5,12.1,12.425,195600
GPS,17-Sep-2001,12,13.3,12,12.51,11781400
GPX,17-Sep-2001,3.35,3.44,3.09,3.35,15600
GRA,17-Sep-2001,1.62,1.65,1.55,1.65,134700
GRR,17-Sep-2001,5.6,5.6,5.32,5.32,13500
GS,17-Sep-2001,72.3,72.31,68.58,69.4,5765800
GSH,17-Sep-2001,6.75,7.01,6.5,6.56,13000
GSK,17-Sep-2001,52.01,53.16,51.2,51.55,2057000
GTN,17-Sep-2001,13.52,13.52,13.29,13.4,25700
GTN.A,17-Sep-2001,15.84,15.85,15.8,15.8,7400
GTY,17-Sep-2001,17.25,17.25,15.52,16.55,134200
GUT,17-Sep-2001,8.38,8.45,8.26,8.31,13600
GVA,17-Sep-2001,24.38,25.99,24.38,25.45,352800
GWR,17-Sep-2001,6.45,6.61,6.417,6.583,48825
GWW,17-Sep-2001,43.3,43.3,40.96,41.01,460300
GXP,17-Sep-2001,26,26,25.55,25.62,307000
GXP-A,17-Sep-2001,59.4,59.4,59.4,59.4,0
GXP-D,17-Sep-2001,64,64,64,64,200
GXP-E,17-Sep-2001,64.87,64.87,64.87,64.87,0
HAE,17-Sep-2001,17.525,17.585,17.385,17.49,358600
HAL,17-Sep-2001,14.7,14.85,13.26,13.325,4880200
HAR,17-Sep-2001,19.75,19.75,17.8,18.63,476400
HCN,17-Sep-2001,22.5,23.39,22.5,23.26,200800
HCP,17-Sep-2001,16.9,17.35,16.88,17.23,457600
HD,17-Sep-2001,35.5,37.25,35,36.2,25293300
HDB,17-Sep-2001,3.05,3.05,2.63,2.7,85300
HE,17-Sep-2001,20.31,20.39,20,20.1,310000
HEI,17-Sep-2001,6.3242,6.3242,5.419,5.4722,55330
HEI.A,17-Sep-2001,6.8864,6.8864,5.7242,5.7702,32120
HFC,17-Sep-2001,2.4375,2.475,2.2938,2.32,37300
HGR,17-Sep-2001,3.35,3.35,3.1,3.19,36300
HGT,17-Sep-2001,12.45,13.25,12.45,12.48,150800
HHS,17-Sep-2001,15.27,15.27,14.5,14.63,87150
HIG,17-Sep-2001,52,59.08,52,58.7,2088000
HIO,17-Sep-2001,7.75,7.8,7.37,7.47,223000
HIW,17-Sep-2001,24.32,24.32,23.75,23.95,357200
HIX,17-Sep-2001,10.99,11.05,10.5,10.7,228200
HL,17-Sep-2001,1,1.05,0.91,0.98,620600
HL-B,17-Sep-2001,5.925,6.113,5.858,5.858,10200
HLT,17-Sep-2001,8.5,9.15,8.5,8.55,5609600
HMC,17-Sep-2001,16.56,17.74,16.56,17.44,457600
HMN,17-Sep-2001,18.84,18.84,17.28,17.4,72000
HMY,17-Sep-2001,5.3,5.32,4.74,5.15,979000
HNI,17-Sep-2001,22.5,22.5,20.7,20.8,58800
HNP,17-Sep-2001,9.95,10,9.58,9.6,147000
HNR,17-Sep-2001,1.6,1.71,1.5,1.55,83900
HNT,17-Sep-2001,18.7,18.92,18.5,18.51,423100
HOG,17-Sep-2001,40,41.5,39.19,40.74,3793900
HON,17-Sep-2001,31.29,32.31,28.58,29.5,17933100
HOT,17-Sep-2001,22.25,23.28,21.01,21.15,12321800
HOV,17-Sep-2001,6.38,6.45,6.23,6.33,224400
HP,17-Sep-2001,11.435,11.62,10.995,11.2,374400
HPQ,17-Sep-2001,16.05,16.74,15.5,16.02,18198000
HPT,17-Sep-2001,23,25.4,22.8,24.51,1304300
HQH,17-Sep-2001,24.3,24.3,23,23.38,60900
HQL,17-Sep-2001,20,20.05,19.5,19.55,69100
HR,17-Sep-2001,22.5,24.97,22.5,24.1,195500
HRB,17-Sep-2001,9.013,9.213,8.875,9.163,1616900
HRL,17-Sep-2001,12.25,12.34,12.05,12.175,193200
HRS,17-Sep-2001,16.25,16.6,14.87,14.93,3618600
HSC,17-Sep-2001,16.53,16.53,15.645,15.775,340800
HSY,17-Sep-2001,33,33.15,31.95,31.98,2322200
HTR,17-Sep-2001,33.48,33.8,33.4,33.56,195500
HUM,17-Sep-2001,10.9,11.43,10.75,10.9,689300
HVT,17-Sep-2001,12.9,12.91,11.1,11.5,86700
HVT.A,17-Sep-2001,13.9,13.9,13.9,13.9,0
HW,17-Sep-2001,10.23,11,9,10.72,373100
HXL,17-Sep-2001,7.95,7.95,6.9,6.95,104600
HYB,17-Sep-2001,2.88,2.9,2.75,2.82,171200
HYF,17-Sep-2001,7.12,7.15,6.38,6.4,116200
HYI,17-Sep-2001,5.7,5.75,5.55,5.55,29500
HZO,17-Sep-2001,7.8,7.8,7.7,7.75,3000
IBA,17-Sep-2001,5.85,5.95,5.56,5.95,6200
IBM,17-Sep-2001,93.9,95.86,92.55,93.34,15138100
IBN,17-Sep-2001,0.64,0.64,0.6,0.602,99900
ICA,17-Sep-2001,8.631,8.631,7.592,7.592,32100
ICB,17-Sep-2001,17.78,17.78,17.2,17.4,22000
IDA,17-Sep-2001,38.35,38.96,38.2,38.36,114500
IDT,17-Sep-2001,10.5,11,10.5,10.9,41300
IEX,17-Sep-2001,13.591,13.605,13.102,13.102,166200
IFF,17-Sep-2001,27.1,28.62,27.04,28.62,335700
IFN,17-Sep-2001,8,8,7.76,7.79,38200
IGT,17-Sep-2001,11.81,11.81,10.59,10.71,11726400
IHC,17-Sep-2001,8.25,8.33,8.25,8.33,16200
IIF,17-Sep-2001,7.1,7.1,6.95,7.06,69300
IIM,17-Sep-2001,14,14,13.88,13.95,40600
IM,17-Sep-2001,13.78,14.5,13.78,14.12,313000
IMAX,17-Sep-2001,0.915,0.915,0.8,0.85,57700
IMN,17-Sep-2001,22.64,22.64,21.12,21.12,45600
IMS,17-Sep-2001,14.93,14.93,14.75,14.9,3500
ING,17-Sep-2001,25.15,25.9,24.75,25.81,388200
INT,17-Sep-2001,2.675,2.675,2.39,2.565,340200
IO,17-Sep-2001,9.56,9.8,9.35,9.5,77300
IP,17-Sep-2001,35.85,36.49,33.16,33.9,7394800
IPG,17-Sep-2001,22,23.29,21.81,23.05,2861300
IQI,17-Sep-2001,14.48,14.58,14.41,14.42,70700
IR,17-Sep-2001,18.25,18.325,17,17.15,1420200
IRL,17-Sep-2001,11.1,11.2,11.04,11.1,17600
IRM,17-Sep-2001,12.746,13.327,12.426,12.46,1461375
IRS,17-Sep-2001,12.78,12.87,12.23,12.49,7563
IT,17-Sep-2001,9.5,9.7,9.24,9.3,355400
ITG,17-Sep-2001,35.07,38.67,35,37.33,635550
ITT,17-Sep-2001,11.0775,11.3975,10.75,10.7775,994500
ITW,17-Sep-2001,28.35,28.355,26.85,27.5,3009500
IVC,17-Sep-2001,39.91,39.91,38.75,39.3,67700
IX,17-Sep-2001,42.15,42.15,42.05,42.05,2700
JAH,17-Sep-2001,1.2755,1.2755,1.2578,1.2578,11250
JBL,17-Sep-2001,17.2,17.5,16.5,16.51,2389300
JCI,17-Sep-2001,11.061,11.088,10.689,10.701,1605400
JCP,17-Sep-2001,21.15,21.51,20.1,20.2,3760800
JEC,17-Sep-2001,14,15.15,14,14.965,703600
JEQ,17-Sep-2001,5.14,5.3,5.14,5.2,46300
JFC,17-Sep-2001,5.75,5.75,5.65,5.65,9100
JHI,17-Sep-2001,19.86,19.86,19.3,19.35,18400
JHS,17-Sep-2001,14.94,15,14.55,14.6,21300
JLL,17-Sep-2001,14.3,14.35,13.85,13.93,123800
JNJ,17-Sep-2001,57,57,54.81,55.82,12245800
JNPR,17-Sep-2001,11.35,12.23,11,11.52,9080700
JNS,17-Sep-2001,24.9,24.9,23.5,23.5,1800900
JOE,17-Sep-2001,26.5,26.5,25.33,25.33,151900
JOF,17-Sep-2001,5.43,5.6,5.3,5.4,115300
JOY,17-Sep-2001,7.6133,7.6667,6.6,7.1156,2119400
JPC,17-Sep-2001,871.7,871.7,871.7,871.7,0
JPM,17-Sep-2001,35,35.82,34,35.25,20462500
JW.A,17-Sep-2001,20.65,20.75,20.25,20.3,55500
JW.B,17-Sep-2001,20.25,20.6,20.25,20.6,4000
JWN,17-Sep-2001,9.21,9.21,8.16,8.16,1403400
K,17-Sep-2001,32.13,32.6,31.94,32.31,2415400
KAI,17-Sep-2001,13.3,13.3,11.9,13,361200
KBH,17-Sep-2001,13,14,13,13.34,1818600
KCC,17-Sep-2001,24.5,24.75,23.9,24.64,22600
KEF,17-Sep-2001,2.58,2.58,2.45,2.57,3400
KEG,17-Sep-2001,9.65,9.65,8.85,9,1135300
KEM,17-Sep-2001,48.75,51.78,48.75,50.43,324000
KEP,17-Sep-2001,9,9,8.8,8.86,805100
KEX,17-Sep-2001,12.1,12.1,11.7,11.7,17500
KEY,17-Sep-2001,23,24.4,22.95,23.86,2069400
KF,17-Sep-2001,91,91,87.8,88.7,18000
KFS,17-Sep-2001,9.75,9.75,8.9,9,6500
KFY,17-Sep-2001,10,10,9.5,9.5,340300
KGC,17-Sep-2001,3.12,3.12,2.79,2.97,419700
KHI,17-Sep-2001,15.8,16.08,15.46,15.46,51300
KIM,17-Sep-2001,15.035,15.185,14.835,14.885,817350
KKD,17-Sep-2001,25.05,29.5,25,27,1249900
KMB,17-Sep-2001,59.6261,59.6261,57.7373,59.559,2172448
KMM,17-Sep-2001,8.92,8.95,8.77,8.88,25200
KMT,17-Sep-2001,17.185,17.23,16.65,17,357000
KMX,17-Sep-2001,5,5.65,4.85,5.125,1505800
KNX,17-Sep-2001,6.223,6.223,5.483,5.543,179325
KO,17-Sep-2001,24.75,25.1,24.355,25.1,10135600
KOF,17-Sep-2001,20.15,20.29,19.37,19.7,198100
KR,17-Sep-2001,27.05,27.1,26.33,26.41,3824800
KRC,17-Sep-2001,26.2,26.3,25.2,25.32,75100
KSM,17-Sep-2001,12.25,12.32,12.2,12.25,16800
KSS,17-Sep-2001,46.5,47.5,44.93,45,3961300
KST,17-Sep-2001,12.25,12.35,11.91,11.98,9600
KSU,17-Sep-2001,12.05,12.3,12.02,12.1,431200
KT,17-Sep-2001,15.5,16.7,15.5,16.39,1511200
KTF,17-Sep-2001,11.8,11.8,11.62,11.65,90300
KTH,17-Sep-2001,25.5,25.6,25.5,25.6,1100
KTN,17-Sep-2001,25.75,25.75,24.75,24.8,10300
KTP,17-Sep-2001,20,20.2,20,20,9100
KWR,17-Sep-2001,19.9,19.95,19.82,19.9,19500
KYO,17-Sep-2001,30.75,31.985,30,30.215,24200
L,17-Sep-2001,8.39,9.5,8.32,8.32,12723300
LAD,17-Sep-2001,16.25,16.3,15,15.05,53300
LBF,17-Sep-2001,5.62,5.62,5.55,5.56,30300
LDF,17-Sep-2001,8.8,8.8,8.43,8.51,15600
LDL,17-Sep-2001,9.14,9.14,8.72,8.72,8100
LDR,17-Sep-2001,31.5,31.6,30.85,31.4,13000
LEA,17-Sep-2001,13.5,14.6,13.5,13.995,1121400
LEE,17-Sep-2001,32,32,30.8,30.9,100600
LEG,17-Sep-2001,19,19.92,19,19.71,770100
LEN,17-Sep-2001,17.25,17.25,16.39,16.51,2057000
LEO,17-Sep-2001,9.89,9.93,9.71,9.79,112300
LFL,17-Sep-2001,1.35,1.35,1.3,1.32,7200
LG,17-Sep-2001,23.3,24.18,23.27,23.5,28900
LGF,17-Sep-2001,2.3,2.3,2.1,2.22,112900
LH,17-Sep-2001,37,37,34.78,35.45,1502600
LHO,17-Sep-2001,13.1,13.1,11.99,12.05,363600
LII,17-Sep-2001,9.42,9.42,9.2,9.39,51100
LLL,17-Sep-2001,46,46,42,43.5,14519600
LLY,17-Sep-2001,77.45,79.3,75.5,77.61,5322500
LM,17-Sep-2001,26.67,26.73,25.85,25.85,651300
LMT,17-Sep-2001,46,46,42,43.95,12632100
LNC,17-Sep-2001,45,46.2,42.6,45.2,1309400
LNN,17-Sep-2001,18.15,18.15,17.7,17.85,8000
LNT,17-Sep-2001,30.41,30.8,29.75,30.6,178100
LOW,17-Sep-2001,15,15,14.155,14.19,6635000
LPX,17-Sep-2001,9,9.15,8.12,8.2,648300
LQ,17-Sep-2001,7.6,7.6,7,7,5500
LTC,17-Sep-2001,5,5.19,4.92,5.18,58700
LUB,17-Sep-2001,8.25,8.25,7.8,7.8,75100
LUK,17-Sep-2001,10.665,10.665,10.165,10.165,129450
LUV,17-Sep-2001,11.25,14,11.25,13,31010600
LUX,17-Sep-2001,12.5,13.7,12.18,12.77,854900
LVLT,17-Sep-2001,52.95,64.35,52.5,55.65,6423000
LXK,17-Sep-2001,47.25,48.49,45.2,46.1,1119500
LXP,17-Sep-2001,13.2,13.89,13.15,13.7,139900
LYG,17-Sep-2001,38.75,40.5,38.75,39.25,7600
LZB,17-Sep-2001,17.2,17.2,16,16,170900
M,17-Sep-2001,15.135,15.135,14.325,14.5,5096000
MAA,17-Sep-2001,25.62,25.65,25.3,25.3,44700
MAC,17-Sep-2001,24.36,24.36,21.8,22.58,243000
MAN,17-Sep-2001,28.55,28.55,27.33,27.33,418500
MAS,17-Sep-2001,21,21.5,20.45,20.46,4043700
MBI,17-Sep-2001,49.75,51.4,49.1,50.75,1006700
MBT,17-Sep-2001,2.532,2.532,2.452,2.476,76800
MC,17-Sep-2001,12.25,12.69,12.16,12.51,98500
MCA,17-Sep-2001,14.37,14.49,14.3,14.46,26900
MCD,17-Sep-2001,27.7,28.8,27.47,28.38,8340100
MCI,17-Sep-2001,13.325,13.325,12.95,12.975,20000
MCK,17-Sep-2001,39,39,36.6,36.99,1042700
MCO,17-Sep-2001,17,17,16.575,16.875,281900
MCR,17-Sep-2001,8.4,8.5,8.2,8.27,258800
MCS,17-Sep-2001,12.9,12.9,12.25,12.25,9700
MCY,17-Sep-2001,37.98,38.11,36.7,37.21,229800
MDC,17-Sep-2001,16.04,16.04,15.34,15.37,379627
MDP,17-Sep-2001,31.88,31.88,29.99,30.07,115000
MDR,17-Sep-2001,3.719,3.735,3.452,3.459,149100
MDT,17-Sep-2001,41,42.25,40.4,40.76,6198300
MDU,17-Sep-2001,8.835,8.935,8.68,8.685,266400
MEG,17-Sep-2001,47,47,44.6,44.7,34700
MEN,17-Sep-2001,10.9,11,10.82,10.83,74700
MER-D,17-Sep-2001,24.9,24.95,24.51,24.7,33400
MER-E,17-Sep-2001,25.15,25.2,24.27,25.15,44000
MER-F,17-Sep-2001,25.3,25.48,25,25.15,42500
MET,17-Sep-2001,26.45,27.4,25.3,26.91,4468100
MFA,17-Sep-2001,7.3,7.9,7.25,7.7,78100
MFC,17-Sep-2001,11.5,12.6,11.5,12.14,1040500
MFL,17-Sep-2001,14.08,14.08,13.87,13.92,117700
MFM,17-Sep-2001,8.34,8.5,8.34,8.47,78300
MFT,17-Sep-2001,14,14.09,14,14.09,3500
MFV,17-Sep-2001,13.61,13.7,13.5,13.65,21100
MGA,17-Sep-2001,11.0475,11.44,10.38,10.73,1842900
MGF,17-Sep-2001,6.65,6.76,6.62,6.72,75900
MGM,17-Sep-2001,11.75,12,11,11,4300400
MHD,17-Sep-2001,14.56,14.65,14.5,14.58,27400
MHF,17-Sep-2001,8.85,8.85,8.7,8.7,20500
MHI,17-Sep-2001,40.05,40.05,40.05,40.05,0
MHK,17-Sep-2001,39,39,35.9,35.96,268400
MHN,17-Sep-2001,14.4,14.4,14.3,14.36,34800
MHO,17-Sep-2001,17.9,17.9,17.1,17.1,58000
MHY,17-Sep-2001,7.45,7.48,7.11,7.13,159800
MIL,17-Sep-2001,50.84,51.02,50.58,50.71,425500
MIN,17-Sep-2001,6.8,7,6.78,6.98,301700
MIY,17-Sep-2001,14.2,14.3,14,14.05,35300
MKC,17-Sep-2001,22.6,22.6,21.51,21.58,585800
MKL,17-Sep-2001,171,180.25,171,179.5,67300
MLI,17-Sep-2001,10.02,10.02,9.325,9.325,86600
MLM,17-Sep-2001,42,42.35,39,39,321700
MLR,17-Sep-2001,4.25,4.5,4.1,4.25,5200
MMC,17-Sep-2001,43,43.5,41.94,42.25,4042400
MMM,17-Sep-2001,50.79,50.79,47.21,47.73,7107200
MMP,17-Sep-2001,9.95,10.225,9.95,9.95,88000
MMS,17-Sep-2001,8.75,9.3,8.55,9.175,325700
MMT,17-Sep-2001,6.22,6.27,5.76,5.98,216500
MMU,17-Sep-2001,10.96,11.05,10.96,10.96,43100
MNI,17-Sep-2001,42.8,43.05,42.8,42.8,31300
MNP,17-Sep-2001,13.02,13.09,13.02,13.02,11500
MO,17-Sep-2001,37.6,39.48,37.448,39.12,13042600
MOD,17-Sep-2001,25.01,25.78,22.22,22.33,42200
MOG.A,17-Sep-2001,10.35,10.41,10.27,10.27,71550
MOG.B,17-Sep-2001,12.13,12.13,12.13,12.13,337
MON,17-Sep-2001,16.475,16.5,15.45,15.63,118500
MOS,17-Sep-2001,10.7,10.7,9.98,10.1,390000
MOV,17-Sep-2001,9,9,8.5,8.58,33600
MPA,17-Sep-2001,14.45,14.55,14.45,14.5,12000
MPV,17-Sep-2001,11.53,11.62,11.52,11.55,6100
MPX,17-Sep-2001,2.05,2.05,1.93,2,48825
MQT,17-Sep-2001,12.1,12.22,12.1,12.17,32700
MQY,17-Sep-2001,14.25,14.39,14.24,14.32,42900
MRK,17-Sep-2001,64.41,64.55,62.7,63.65,9103400
MRO,17-Sep-2001,16.375,16.375,15,15.4,1639200
MS,17-Sep-2001,42.25,45.17,42.18,42.5,11452400
MSA,17-Sep-2001,10.7,12.15,10.67,11.96,127800
MSB,17-Sep-2001,2.71,2.82,2.71,2.75,26200
MSD,17-Sep-2001,7.5,7.62,7.32,7.4,74200
MSF,17-Sep-2001,7,7,6.95,6.98,129000
MSI,17-Sep-2001,105,108.85,98.07,103.46,16817100
MSM,17-Sep-2001,17.25,17.25,15.35,15.75,258100
MT,17-Sep-2001,1.65,1.7,1.5,1.65,77000
MTB,17-Sep-2001,67,67,64.8,65.9,310300
MTD,17-Sep-2001,42.3,42.96,41.2,41.25,69300
MTG,17-Sep-2001,64.95,64.95,60.45,61.48,1288800
MTH,17-Sep-2001,9.79,9.84,9.26,9.26,77200
MTN,17-Sep-2001,18.7,18.7,17.45,17.45,63200
MTR,17-Sep-2001,45,45,44.25,45,4400
MTRN,17-Sep-2001,14.5,14.9,14.03,14.3,33800
MTW,17-Sep-2001,6.575,6.625,6.248,6.248,55100
MTX,17-Sep-2001,21.165,21.225,19.85,19.85,166300
MTZ,17-Sep-2001,7.75,8.25,7.2,7.33,230100
MUA,17-Sep-2001,13.1,13.2,13.1,13.2,9100
MUC,17-Sep-2001,14.55,14.55,14.3,14.5,80800
MUE,17-Sep-2001,13.04,13.1,12.97,13.05,62900
MUH,17-Sep-2001,12.61,12.61,12.49,12.57,40400
MUJ,17-Sep-2001,13.46,13.46,13.15,13.15,41100
MUR,17-Sep-2001,19.54,19.8,19,19.34,2210400
MUS,17-Sep-2001,13.59,13.66,13.51,13.55,43000
MVC,17-Sep-2001,9.5,10.05,9.5,9.98,136400
MVT,17-Sep-2001,13.7,13.8,13.66,13.68,23000
MW,17-Sep-2001,14.4,14.4,13.4,13.51,1258650
MX,17-Sep-2001,9.15,9.18,9.1,9.1,700
MXE,17-Sep-2001,7.75,7.75,7.4,7.4,12300
MXF,17-Sep-2001,13.96,13.96,13,13.1,90900
MYC,17-Sep-2001,14.99,15.09,14.89,14.9,40900
MYD,17-Sep-2001,14.04,14.1,13.73,13.8,83400
MYE,17-Sep-2001,9.24,9.25,9.05,9.05,16225
MYF,17-Sep-2001,13.7,13.79,13.68,13.76,5900
MYI,17-Sep-2001,15.2,15.2,14.92,14.94,100900
MYJ,17-Sep-2001,15.05,15.07,14.82,14.85,34000
MYN,17-Sep-2001,14,14,13.88,13.88,26700
NAC,17-Sep-2001,14.65,14.7,14.51,14.62,34500
NAD,17-Sep-2001,15,15.1,14.92,15.03,104100
NAN,17-Sep-2001,15.03,15.1,14.91,15,18700
NAT,17-Sep-2001,16.4,17.05,16,16.9,65700
NAV,17-Sep-2001,33.76,33.76,29.05,29.38,622600
NAV-D,17-Sep-2001,10.75,10.75,10.75,10.75,100
NAZ,17-Sep-2001,16.4,16.46,16.3,16.46,4300
NBD,17-Sep-2001,25.39,25.6,25.39,25.44,9300
NBL,17-Sep-2001,9,9.15,8.55,8.5875,726400
NBR,17-Sep-2001,12.75,12.8,11.795,11.8,2664200
NC,17-Sep-2001,58.25,58.25,57.09,57.45,45300
NCA,17-Sep-2001,9.88,9.9,9.78,9.85,25900
NCI,17-Sep-2001,4.35,5.15,4.34,4.6,81600
NCR,17-Sep-2001,18.1,18.1,17.04,17.15,1016400
NCS,17-Sep-2001,76.25,80,76,79,56700
NE,17-Sep-2001,15,15,13.25,13.6,2229500
NEE,17-Sep-2001,55.7,55.85,54.35,55.35,1123900
NEM,17-Sep-2001,23,23.47,21.6,22.28,4947800
NEU,17-Sep-2001,5.9,6.45,5.75,5.85,29620
NFG,17-Sep-2001,24.05,24.4,23.65,24.01,300900
NFX,17-Sep-2001,17.45,17.55,16.7,16.95,797200
NGG,17-Sep-2001,33.75,34,33.2,33.75,7500
NHI,17-Sep-2001,12.5,13.13,12.5,12.96,27700
NI,17-Sep-2001,24.95,24.95,23.75,24.28,599200
NIM,17-Sep-2001,11.3,11.38,11.1,11.25,39000
NIO,17-Sep-2001,14.84,14.95,14.55,14.68,183400
NJR,17-Sep-2001,9.695,9.8615,9.675,9.815,26250
NKE,17-Sep-2001,11.25,11.375,10.9925,11.0125,4743400
NL,17-Sep-2001,7.39,7.39,7.23,7.35,72538
NLS,17-Sep-2001,18.98,22.01,18,20.1,657500
NLY,17-Sep-2001,13,13.75,12.83,13.4,419900
NMA,17-Sep-2001,14.67,14.8,14.66,14.67,36900
NMI,17-Sep-2001,11.75,11.9,11.74,11.74,8400
NMK-B,17-Sep-2001,48,48,48,48,80
NMK-C,17-Sep-2001,51.5,51.5,51.5,51.5,50
NMO,17-Sep-2001,14.68,14.68,14.45,14.49,59600
NMR,17-Sep-2001,13.9,13.9,13.9,13.9,2000
NMT,17-Sep-2001,15.91,15.91,15.91,15.91,700
NMY,17-Sep-2001,15.8,16.01,15.78,15.95,17500
NNC,17-Sep-2001,15.61,15.65,15.5,15.65,6500
NNN,17-Sep-2001,11.7,12.3,11.61,12.1,133200
NNY,17-Sep-2001,10,10,9.7,9.9,40600
NOC,17-Sep-2001,49.5,49.55,47.15,47.4,8517400
NOK,17-Sep-2001,14.6,15.9,14.52,15.44,29221000
NOV,17-Sep-2001,8.2,8.2,7.15,7.555,2036400
NPF,17-Sep-2001,15.2,15.24,14.98,15,42700
NPI,17-Sep-2001,14.32,14.4,14.15,14.2,95700
NPK,17-Sep-2001,27.1,27.15,26.9,27,9200
NPM,17-Sep-2001,14.9,14.93,14.7,14.74,71500
NPP,17-Sep-2001,14.43,14.55,14.43,14.45,82400
NPT,17-Sep-2001,13.72,13.75,13.43,13.55,107300
NPV,17-Sep-2001,16.9,16.94,16.45,16.45,33000
NQI,17-Sep-2001,14.88,14.99,14.84,14.88,50400
NQM,17-Sep-2001,14.95,14.96,14.84,14.96,54900
NQP,17-Sep-2001,16.16,16.17,15.76,15.77,29900
NQS,17-Sep-2001,14.64,14.65,14.55,14.55,56900
NQU,17-Sep-2001,14.92,14.98,14.78,14.8,63100
NR,17-Sep-2001,8.2,8.35,8,8,787100
NRT,17-Sep-2001,18.6,19.1,18.6,19.1,12300
NSC,17-Sep-2001,18.65,18.65,16.83,17,1218500
NSL,17-Sep-2001,9.1,9.65,9.01,9.32,165200
NSM,17-Sep-2001,14.75,14.96,13.99,14.02,5283200
NTC,17-Sep-2001,16.57,16.7,16.57,16.6,2400
NTG,17-Sep-2001,7.75,7.75,6.82,7.15,20100
NTL,17-Sep-2001,6.7,6.75,6.3,6.3,5000
NTT,17-Sep-2001,20.4,22.15,20.38,21.4,266800
NTX,17-Sep-2001,14.87,15.1,14.87,15.1,14600
NTZ,17-Sep-2001,11.99,11.99,11.5,11.5,29000
NUE,17-Sep-2001,10.5,10.5,9.5,9.5,2237800
NUM,17-Sep-2001,15.32,15.33,15.14,15.22,36900
NUO,17-Sep-2001,16.95,16.95,16.55,16.66,33000
NUS,17-Sep-2001,6.9,6.99,6.9,6.92,68800
NUV,17-Sep-2001,9.46,9.54,9.39,9.46,338800
NVO,17-Sep-2001,4.2,4.249,3.98,4.06,49100
NVS,17-Sep-2001,35.7,36.6,35.4,35.75,655600
NW-C,17-Sep-2001,25.85,25.85,25.75,25.75,500
NWL,17-Sep-2001,23,23,21.8,22.04,869700
NWN,17-Sep-2001,24.75,24.95,24.01,24.19,51900
NX,17-Sep-2001,11.786,11.919,11.399,11.919,30600
NXC,17-Sep-2001,14.7,14.79,14.63,14.7,9300
NXN,17-Sep-2001,14.16,14.17,14.05,14.05,4500
NXP,17-Sep-2001,15.18,15.18,14.8,14.8,22200
NXQ,17-Sep-2001,14.6,14.64,14.35,14.35,34600
NXR,17-Sep-2001,14.02,14.06,13.85,13.96,28700
NYT,17-Sep-2001,44,44,39.8,39.8,1180800
O,17-Sep-2001,14.25,14.28,13.75,13.8,194200
OCN,17-Sep-2001,8.4,8.5,8,8,52900
ODC,17-Sep-2001,6.4,6.44,6.28,6.36,2700
OFC,17-Sep-2001,10.6,11,10.5,10.58,50000
OFG,17-Sep-2001,11.9,12.02,11.9,11.9,23790
OFG-A,17-Sep-2001,24.85,24.85,24.85,24.85,0
OGE,17-Sep-2001,11.15,11.15,10.75,10.85,282600
OHI,17-Sep-2001,3,3.01,2.91,3,41000
OI,17-Sep-2001,5.2,5.2,4.81,4.97,302600
OIA,17-Sep-2001,8.55,8.55,8.4,8.45,26200
OII,17-Sep-2001,4.875,4.8925,4.75,4.75,39700
OIS,17-Sep-2001,8.43,8.55,8.25,8.45,26500
OKE,17-Sep-2001,8,8.17,7.825,7.855,199500
OLN,17-Sep-2001,15.95,16.2,15.1,15.11,140800
OLP,17-Sep-2001,14.2,14.2,14.2,14.2,1300
OMC,17-Sep-2001,33.625,35.03,33.49,33.505,2299400
OME,17-Sep-2001,2,2,1.9,1.9,6400
OMI,17-Sep-2001,12.14,12.8,12.14,12.76,110200
OMN,17-Sep-2001,6.6,6.65,6.5,6.6,11500
OPY,17-Sep-2001,25.75,25.75,25.25,25.25,10500
ORCL,17-Sep-2001,10.28,11.3,10.24,11.01,63861900
ORI,17-Sep-2001,13.064,13.12,12.776,12.984,932250
OSK,17-Sep-2001,10.05,10.525,9.81,9.815,1792200
OXM,17-Sep-2001,11.05,11.05,10.95,10.95,44000
OXY,17-Sep-2001,13.5,13.75,13.45,13.575,1796600
PAA,17-Sep-2001,14.575,14.575,14.25,14.355,41200
PAI,17-Sep-2001,14.79,14.79,14.71,14.76,16100
PBI,17-Sep-2001,41.71,41.71,39.36,40.6,1183100
PBR,17-Sep-2001,5,5.388,5,5.375,737000
PBR.A,17-Sep-2001,4.933,5.2,4.863,5.2,1632900
PBT,17-Sep-2001,6.37,6.45,6.33,6.44,68000
PBY,17-Sep-2001,9.5,9.58,8.8,8.85,644800
PCF,17-Sep-2001,6.8,6.89,6.65,6.77,26100
PCG,17-Sep-2001,16.1,16.15,15.05,15.35,1010600
PCL,17-Sep-2001,27.75,27.83,27,27.01,362800
PCM,17-Sep-2001,13.9,13.94,13.65,13.71,19600
PCP,17-Sep-2001,10,12.375,10,11.7,2245300
PCQ,17-Sep-2001,15.05,15.31,15.02,15.26,37400
PDS,17-Sep-2001,8.124,8.171,7.624,7.937,727000
PDT,17-Sep-2001,11.05,11.15,11.01,11.01,20600
PEG,17-Sep-2001,22.525,22.75,22.075,22.645,742100
PEI,17-Sep-2001,21.05,21.05,20.3,20.49,89500
PEO,17-Sep-2001,25.55,26,25.25,25.4,26100
PEP,17-Sep-2001,47.15,47.99,46.26,47.9,10273300
PER,17-Sep-2001,14.61,15.28,14.29,15.19,486000
PFD,17-Sep-2001,14.45,14.45,13.95,13.95,11200
PFE,17-Sep-2001,39.9,39.95,37,38.14,26928200
PFH,17-Sep-2001,18.4,18.4,18.05,18.05,3800
PFO,17-Sep-2001,11.2,11.4,11.2,11.35,14900
PG,17-Sep-2001,36.58,37.22,35.93,37.05,11868400
PGH,17-Sep-2001,10.55,10.55,10.55,10.55,0
PGR,17-Sep-2001,10.25,10.255,10.045,10.083,2061300
PH,17-Sep-2001,25.68,25.68,24.145,24.446,696700
PHG,17-Sep-2001,18.5,19.8,18.31,19.58,3863100
PHI,17-Sep-2001,9.8,9.91,9.8,9.85,101100
PHM,17-Sep-2001,7.75,7.89,7.425,7.44,977400
PII,17-Sep-2001,11.815,11.815,10.875,11,323800
PIM,17-Sep-2001,6.39,6.39,6.11,6.18,283800
PIR,17-Sep-2001,9.3,9.4,9,9.03,1128100
PIY,17-Sep-2001,24.65,24.65,24.65,24.65,1700
PKD,17-Sep-2001,4.22,4.45,3.8,3.8,443700
PKE,17-Sep-2001,22,22.65,21.9,22.35,72000
PKG,17-Sep-2001,17,17.5,16.7,16.75,524200
PKI,17-Sep-2001,30,31.5,27.07,27.82,1604900
PKO,17-Sep-2001,24,24,23.9,23.9,1000
PKX,17-Sep-2001,16.45,16.45,15.63,15.66,122800
PKY,17-Sep-2001,31.35,31.35,30.55,30.55,9900
PLD,17-Sep-2001,24.8,24.8,23.9,24.21,334000
PLT,17-Sep-2001,17,17.9,16.92,17.45,453700
PMF,17-Sep-2001,15,15.1,14.87,15,63600
PMM,17-Sep-2001,8.7,8.77,8.64,8.72,46000
PMO,17-Sep-2001,14.14,14.18,13.98,14.02,34700
PNC,17-Sep-2001,55,58.35,55,57.04,2174300
PNF,17-Sep-2001,15.11,15.33,15.11,15.19,13700
PNM,17-Sep-2001,18.96,18.96,18.15,18.27,122550
PNR,17-Sep-2001,17.68,17.83,16.33,16.33,394800
PNW,17-Sep-2001,43.1,43.12,41.81,42.64,217100
PNX,17-Sep-2001,288,300,250,290.2,1848500
PNY,17-Sep-2001,16.9,17.55,16.38,16.38,316600
POL,17-Sep-2001,10.1,10.17,9.32,9.35,122000
POM,17-Sep-2001,21.75,21.95,21.49,21.7,305900
POT,17-Sep-2001,3.289,3.289,3.2357,3.2357,262800
PPG,17-Sep-2001,23,23.93,22.55,22.55,962000
PPL,17-Sep-2001,20.725,20.73,19.935,20.05,537100
PPP,17-Sep-2001,26.4,26.89,25.75,25.75,295700
PPR,17-Sep-2001,7.42,7.42,6.75,7.05,722700
PPS,17-Sep-2001,36.5,36.98,35.91,36.61,286500
PPS-A,17-Sep-2001,49.44,49.44,49.44,49.44,400
PPT,17-Sep-2001,6.44,6.45,6.16,6.19,215700
PRA,17-Sep-2001,8.3,8.3,7.975,7.975,15400
PRE,17-Sep-2001,35,40.2,34.96,37.11,2038700
PSA,17-Sep-2001,32.1,32.24,31.64,32,272600
PSO,17-Sep-2001,11.25,12,11.25,11.65,66000
PTR,17-Sep-2001,19.95,20.1,19.95,20.05,23500
PUK,17-Sep-2001,20.15,21.01,20.15,20.73,17800
PVA,17-Sep-2001,8.415,8.46,8.215,8.25,40600
PVH,17-Sep-2001,12.66,12.66,11.2,11.2,29700
PWR,17-Sep-2001,12.75,13.25,11.8,12,1201600
PX,17-Sep-2001,23.5,23.5,21.6,21.6,1710800
PXD,17-Sep-2001,18.5,19.08,18.3,18.6,581900
PZE,17-Sep-2001,5.95,5.995,5.7,5.78,104000
Q,17-Sep-2001,19.63,20.5,18.5,18.57,10520200
R,17-Sep-2001,21,21,19.5,19.58,558200
RAD,17-Sep-2001,7.7,8.08,7.65,7.8,3722100
RAI,17-Sep-2001,14.4075,14.8475,14.3775,14.68,637600
RAS,17-Sep-2001,49.95,51.12,47.88,50.97,82000
RBA,17-Sep-2001,4.212,4.212,4.039,4.039,18600
RBC,17-Sep-2001,19.65,19.8,19.6,19.6,3800
RBS-E,17-Sep-2001,27.05,27.05,26.8,26.8,10900
RBS-F,17-Sep-2001,25.7,26,25.65,25.95,14000
RBS-G,17-Sep-2001,24.7,24.95,24.48,24.9,20000
RBS-H,17-Sep-2001,25,25,24.6,24.65,23700
RCL,17-Sep-2001,14.9,14.91,12.75,12.76,8074200
RCS,17-Sep-2001,10.69,10.69,10.29,10.29,105000
RDC,17-Sep-2001,15.92,16.2,14.47,14.8,1238700
RDN,17-Sep-2001,36.5,36.65,35.35,36.25,674100
RDY,17-Sep-2001,11.375,11.375,10.55,10.7,333800
RE,17-Sep-2001,50,56.25,50,53.9,3408400
REG,17-Sep-2001,24.85,24.93,24.42,24.42,19300
RES,17-Sep-2001,1.6271,1.6787,1.6271,1.6609,10650
REV,17-Sep-2001,7.4,8.2,7.1,7.1,134800
RF,17-Sep-2001,22.53,22.63,21.04,22.24,992370
RFI,17-Sep-2001,13.65,13.65,12.85,13.1,17700
RGA,17-Sep-2001,29,32.36,28,31.95,614700
RGR,17-Sep-2001,10.5,10.75,10.01,10.3,251000
RGS,17-Sep-2001,20.95,21.1,19.05,20.5,275800
RHI,17-Sep-2001,21,22.1,20.78,21.8,909700
RHT,17-Sep-2001,10.2311,10.3245,9.6755,9.8622,140400
RIG,17-Sep-2001,30.5,31,27.89,27.89,2814900
RIO,17-Sep-2001,15.5,15.75,15.15,15.5525,264000
RJF,17-Sep-2001,11.919,11.919,11.452,11.452,268800
RL,17-Sep-2001,20.5,21.11,20.25,20.6,355900
RLI,17-Sep-2001,11.19,11.19,11,11,18400
RMD,17-Sep-2001,12.5,12.745,12.4475,12.525,214500
RMT,17-Sep-2001,9.71,9.96,9.62,9.62,21700
RNR,17-Sep-2001,23.67,24.13,23.48,23.67,1221900
ROG,17-Sep-2001,26.5,26.5,26,26.4,45100
ROK,17-Sep-2001,15.5,15.75,14.06,14.1,1258500
ROL,17-Sep-2001,2.255,2.255,2.1601,2.1719,17200
ROP,17-Sep-2001,19.25,19.375,18.875,18.875,53300
RPM,17-Sep-2001,10.25,10.25,9.5,9.66,478500
RPT,17-Sep-2001,17,17,16.4,16.4,19000
RRC,17-Sep-2001,3.502,3.602,3.402,3.402,219600
RS,17-Sep-2001,12.625,12.625,12.2,12.205,127300
RSG,17-Sep-2001,12.34,12.34,11.773,11.939,739300
RT,17-Sep-2001,16.8,16.8,15.91,16,292200
RTN,17-Sep-2001,35.5,36,29.6,31.5,22094600
RVT,17-Sep-2001,14.25,14.45,13.5,14.19,184400
RWT,17-Sep-2001,23.4,23.68,22.4,23.2,94300
RY,17-Sep-2001,14.87,15.44,14.87,15.245,128000
RYN,17-Sep-2001,10.988,11.0147,9.9913,10.0987,169681
S,17-Sep-2001,19.75,21.8,19.5,21.59,5609700
SAH,17-Sep-2001,13.1,13.7,12.8,12.8,941000
SAM,17-Sep-2001,10.25,10.45,10.2,10.43,50800
SAN,17-Sep-2001,21.15,21.15,20.5,20.5,8900
SAP,17-Sep-2001,25.69,26.9,25.56,26.5,1636300
SBR,17-Sep-2001,23.9,24.55,23.82,24.55,40500
SBW,17-Sep-2001,13.24,13.3,13.2,13.24,23700
SCCO,17-Sep-2001,1.9583,1.9583,1.7333,1.7367,304800
SCG,17-Sep-2001,25,26.8,25,26.31,223600
SCI,17-Sep-2001,6,6.29,5.8,5.82,1301600
SCL,17-Sep-2001,11.45,11.45,10.95,11,8400
SCM,17-Sep-2001,26.55,27.01,26.55,26.7,36800
SCS,17-Sep-2001,13.24,13.25,12.85,12.89,85100
SCX,17-Sep-2001,20.6,20.8,20.3,20.8,7200
SE,17-Sep-2001,10.75,11.2,10.72,11.05,87600
SEE,17-Sep-2001,18.975,18.975,17.65,17.82,800600
SF,17-Sep-2001,3.4113,3.4113,3.2327,3.2327,16700
SFE,17-Sep-2001,13.2,14.88,13.14,13.32,727800
SFG,17-Sep-2001,20.5,22.31,20.5,21.825,234200
SFN,17-Sep-2001,8.14,8.14,7.6,7.6,63600
SGF,17-Sep-2001,4.95,5.12,4.86,5,37000
SGL,17-Sep-2001,11.43,11.6,11.11,11.53,41200
SGU,17-Sep-2001,19.92,20.2,19.7,19.85,108500
SGY,17-Sep-2001,39.3,39.9,38.65,39.08,417800
SHG,17-Sep-2001,0.1875,0.1875,0.1875,0.1875,0
SHI,17-Sep-2001,4.6667,5.1933,4.6667,5.0333,42600
SHW,17-Sep-2001,21.86,21.9,21.1,21.45,662000
SID,17-Sep-2001,0.5045,0.521,0.4995,0.521,163200
SIG,17-Sep-2001,9.6,9.6,9.6,9.6,1500
SIX,17-Sep-2001,3,3.2475,2.995,3.11,1400500
SJI,17-Sep-2001,7.815,7.815,7.7,7.74,24200
SJM,17-Sep-2001,28.57,28.57,27.25,27.25,16822
SJR,17-Sep-2001,5.04,5.108,4.8,4.973,49900
SJT,17-Sep-2001,12.49,13,12.49,12.98,266400
SJW,17-Sep-2001,13.975,14.04,13.585,13.71,33300
SKM,17-Sep-2001,17.4,17.79,16.9,17.19,778200
SKT,17-Sep-2001,5.35,5.5,5.34,5.35,50400
SKX,17-Sep-2001,5.8667,5.87,5.1333,5.65,966500
SLB,17-Sep-2001,25.325,25.75,24,24.15,3989400
SLF,17-Sep-2001,19.25,20.21,19.25,19.99,730700
SLG,17-Sep-2001,32,32.05,30.45,30.54,1473500
SM,17-Sep-2001,9.75,9.9,9.53,9.68,299000
SMG,17-Sep-2001,19.55,19.55,18.6,18.6,49300
SMP,17-Sep-2001,13.1,13.11,12.44,12.45,30700
SNA,17-Sep-2001,25.35,25.35,23.45,23.45,279200
SNE,17-Sep-2001,35,37.8,35,37,685600
SNH,17-Sep-2001,12.73,12.73,12.32,12.47,70300
SNN,17-Sep-2001,10.1,10.112,10.092,10.092,4000
SNP,17-Sep-2001,10.1154,10.3846,9.6462,10.0769,71600
SNV,17-Sep-2001,171.5,190.05,171.5,187.11,799500
SO,17-Sep-2001,24.1,24.4,23.73,23.95,4132600
SON,17-Sep-2001,23.5,23.5,21.48,21.8,144900
SOR,17-Sep-2001,55.5,55.5,54.2,54.35,18600
SPA,17-Sep-2001,6.15,6.4,6.15,6.4,4746
SPG,17-Sep-2001,27.25,27.5,26.4,27.01,1269700
SPH,17-Sep-2001,27.1,27.35,26.76,27,42800
SPN,17-Sep-2001,7.5,7.7,7.45,7.51,1366600
SQM,17-Sep-2001,17.25,19.2,17.25,19.2,11900
SRE,17-Sep-2001,26.6,26.62,26.01,26.31,419000
SRI,17-Sep-2001,8.55,8.7,8.55,8.65,9400
SRT,17-Sep-2001,21.5,21.5,20.25,20.4,26200
SSD,17-Sep-2001,13.33,13.33,12.7,12.7,41600
SSL,17-Sep-2001,9.4,9.6,9.26,9.27,7300
SSP,17-Sep-2001,31.975,31.975,30.55,30.695,80700
SSS,17-Sep-2001,27,27.28,27,27.12,57200
STC,17-Sep-2001,17,18.25,17,17.96,19700
STE,17-Sep-2001,18.9,18.9,18.16,18.64,239500
STI,17-Sep-2001,65,65,61.9,63.55,1101900
STJ,17-Sep-2001,16.57,16.84,16.43,16.44,1897200
STL,17-Sep-2001,13.52,13.92,13.44,13.92,46131
STM,17-Sep-2001,23.08,24.25,22.7,23.1,1842300
STN,17-Sep-2001,5.5,5.75,5.35,5.49,539400
STO,17-Sep-2001,6.85,6.99,6.85,6.98,87700
STR,17-Sep-2001,11.015,11.175,10.9,11,423000
STT,17-Sep-2001,40,45.32,40,42.75,2082400
STZ,17-Sep-2001,9.08,9.57,8.96,9.38,6532800
STZ.B,17-Sep-2001,10.38,10.38,10.38,10.38,0
SU,17-Sep-2001,7.5,7.56,7.39,7.5,424200
SUI,17-Sep-2001,35.5,35.5,35,35.05,27300
SUN,17-Sep-2001,18.42,18.8,18.38,18.48,2104000
SUP,17-Sep-2001,36.55,36.55,33.7,33.85,201400
SVU,17-Sep-2001,20.5,21.45,20.13,20.3,1377700
SWC,17-Sep-2001,23.5,23.5,21.8,22,394500
SWK,17-Sep-2001,39.8,39.8,36.76,37.11,302400
SWM,17-Sep-2001,11.375,11.4,11,11.015,14500
SWN,17-Sep-2001,1.463,1.488,1.425,1.463,46400
SWX,17-Sep-2001,20.9,20.9,19.92,20,131300
SWZ,17-Sep-2001,10.12,10.5,10.01,10.4,105500
SXC,17-Sep-2001,7.85,7.85,7.85,7.85,0
SXI,17-Sep-2001,22.5,22.65,22.05,22.05,8300
SXT,17-Sep-2001,21.85,21.85,21.2,21.23,149200
SYK,17-Sep-2001,24.5,25.33,24.5,25.13,1501400
SYT,17-Sep-2001,9.55,10,9.3,9.59,91600
SYX,17-Sep-2001,2.09,2.1,2,2,12600
SYY,17-Sep-2001,26.75,27.26,26.49,26.8,2642000
T,17-Sep-2001,43,44.45,42.55,44.3,12674800
TAC,17-Sep-2001,14.34,14.85,14.34,14.79,3900
TAP,17-Sep-2001,23.625,23.625,22.55,22.7,487200
TCB,17-Sep-2001,21.13,21.13,20.45,20.77,951800
TCI,17-Sep-2001,13.25,13.25,13.15,13.25,3600
TCO,17-Sep-2001,12.4,12.55,11.6,12.1,278800
TD,17-Sep-2001,12.525,12.825,12.435,12.645,119800
TDF,17-Sep-2001,6.6,6.6,6.35,6.44,269500
TDI,17-Sep-2001,14.98,14.98,14.8,14.8,2200
TDW,17-Sep-2001,31,31.9,28.6,29.11,1127800
TDY,17-Sep-2001,15.3,17.7,15.25,17,949300
TE,17-Sep-2001,27.5,28.52,27.4,28.2,249100
TEF,17-Sep-2001,8.8133,9.47,8.78,9.1133,694960
TEI,17-Sep-2001,10.7,10.75,10.36,10.43,138100
TEN,17-Sep-2001,3.3,3.3,2.9,2.9,67000
TEO,17-Sep-2001,8.45,8.45,8,8.08,135100
TER,17-Sep-2001,25.75,27.39,24.96,25.92,2292700
TEVA,17-Sep-2001,15.3125,15.5,14.4925,15.0875,6917400
TEX,17-Sep-2001,10.5,10.6,10.275,10.35,173300
TFX,17-Sep-2001,46.95,46.95,44.1,44.2,127300
TG,17-Sep-2001,19,19.02,18.85,19,50700
TGI,17-Sep-2001,20,20,17.4,17.4,328500
TGS,17-Sep-2001,6.66,6.8,6.05,6.05,18100
TGT,17-Sep-2001,29.88,30.8,29,29.66,4106000
THC,17-Sep-2001,149.14,149.168,143.164,146.472,3300000
THO,17-Sep-2001,7.19,7.19,6.38,6.43,78400
TI.A,17-Sep-2001,47.5,47.5,47.5,47.5,0
TIF,17-Sep-2001,22,23.6,21.5,21.96,8669500
TJX,17-Sep-2001,7.565,7.725,7.465,7.62,4774400
TK,17-Sep-2001,17.37,17.37,15.87,16.24,448400
TKC,17-Sep-2001,1.61,2.02,1.59,1.92,139817
TKF,17-Sep-2001,4.45,4.45,4.23,4.28,17600
TKR,17-Sep-2001,14.4,14.5,13.88,13.89,230100
TLI,17-Sep-2001,13.76,13.76,13.54,13.54,23300
TLK,17-Sep-2001,6.2,6.45,6,6.05,223000
TM,17-Sep-2001,55,55.39,54.7,54.75,41700
TMK,17-Sep-2001,17.0667,17.2222,16.5911,16.9778,504800
TMO,17-Sep-2001,18.55,18.55,17.67,17.85,1641800
TNC,17-Sep-2001,9.363,9.43,9.15,9.153,13900
TNH,17-Sep-2001,6.15,6.15,5.65,5.96,15500
TOL,17-Sep-2001,7.75,7.82,7.34,7.53,2841200
TOO,17-Sep-2001,20,22.5,20,21,702300
TOT,17-Sep-2001,34.5,35.045,34.45,34.8,610300
TPC,17-Sep-2001,31.75,34.5,29,34.5,677100
TPL,17-Sep-2001,7.46,7.47,7.46,7.46,6700
TR,17-Sep-2001,34.3,34.43,33.32,33.36,90040
TRC,17-Sep-2001,24.7,25,24.55,24.61,20000
TRI,17-Sep-2001,35.9,35.95,34.3,34.3,477100
TRK,17-Sep-2001,23,23.63,22.48,22.48,127600
TRN,17-Sep-2001,7.9675,7.9675,7.4435,7.507,95200
TRP,17-Sep-2001,12.5,12.7,12.44,12.69,419900
TRR,17-Sep-2001,22.011,22.011,20.677,21.337,50100
TRU,17-Sep-2001,7.5,8.2,7.35,7.93,105700
TSM,17-Sep-2001,7.73,8.08,7.2,7.41,7202661
TSN,17-Sep-2001,9.51,9.96,9.5,9.8,2123300
TSO,17-Sep-2001,6.5,6.55,6.375,6.375,301900
TSS,17-Sep-2001,22.73,22.73,21.14,21.59,171900
TSU,17-Sep-2001,10.25,10.25,9.7,10,55200
TTC,17-Sep-2001,5.67,5.67,5.335,5.365,322800
TTF,17-Sep-2001,2.85,2.85,2.67,2.83,64400
TTI,17-Sep-2001,4.893,5.126,4.846,5.126,108750
TU,17-Sep-2001,6.5,6.5,6.105,6.175,40700
TUP,17-Sep-2001,23.37,23.37,21.33,21.97,234400
TV,17-Sep-2001,7.25,7.625,7.025,7.2,918900
TVC,17-Sep-2001,25.45,25.49,25.27,25.35,34500
TVE,17-Sep-2001,25.14,25.47,25.05,25.25,41700
TWI,17-Sep-2001,5.9,6,5.9,5.99,61300
TWN,17-Sep-2001,8.5,8.75,7.85,8.35,70300
TWX,17-Sep-2001,93,99,90,90,43664800
TXT,17-Sep-2001,24.25,24.365,21.87,21.995,1770100
TY,17-Sep-2001,17.82,17.93,17.47,17.75,222700
TYC,17-Sep-2001,67.5,69.87,67.35,67.65,16937500
TYL,17-Sep-2001,3,3.25,2.9,3.15,111500
TZF,17-Sep-2001,25.28,25.28,24.9,24.9,4400
UBA,17-Sep-2001,9.62,9.62,9.35,9.55,4300
UBP,17-Sep-2001,8.75,8.85,8.6,8.7,7100
UBS,17-Sep-2001,20.79,21.52,20.475,21.39,242700
UDR,17-Sep-2001,13.8,14.25,13.75,14.2,527900
UFI,17-Sep-2001,9.84,9.84,8.8,8.8,39800
UGI,17-Sep-2001,6.2933,6.4333,6.1,6.2933,187200
UGP,17-Sep-2001,1.5,1.5,1.325,1.325,34155
UHS,17-Sep-2001,22.8,23.4,22.435,22.435,276100
UHT,17-Sep-2001,23.5,24.23,23.4,24.05,68600
UIS,17-Sep-2001,102,106,97,99.2,1668700
UL,17-Sep-2001,16.63,16.825,16.575,16.75,298100
UMC,17-Sep-2001,4.72,4.92,4.71,4.71,3359530
UN,17-Sep-2001,20.063,20.063,19.447,19.88,1132200
UNF,17-Sep-2001,16.85,16.95,16.3,16.3,25000
UNH,17-Sep-2001,16.5,16.5,16.01,16.13,3673400
UNM,17-Sep-2001,25.48,25.71,24.52,25.16,1194300
UNP,17-Sep-2001,13,13,12.14,12.25,909200
UNT,17-Sep-2001,9.9,10.08,9.18,9.18,120700
UPS,17-Sep-2001,51.9,52,49.9,50.37,3918900
URI,17-Sep-2001,20.3,21.9,19.7,19.86,556100
USA,17-Sep-2001,10.5,11.14,10.3,11.11,289100
USB,17-Sep-2001,22.25,23.85,22.16,23.41,9095400
USG,17-Sep-2001,4.5,4.59,4.09,4.45,288400
USPH,17-Sep-2001,14.115,14.7,11.34,14.22,85800
UTX,17-Sep-2001,28,28.15,23.75,27.925,19987300
UVV,17-Sep-2001,41.45,42,41,41.15,92800
VAL,17-Sep-2001,18.44,18.445,17.135,17.195,117700
VAR,17-Sep-2001,16.25,16.5,15.93,15.94,712000
VBF,17-Sep-2001,19.35,19.55,19.16,19.26,13900
VC,17-Sep-2001,15.2,15.2,13.65,14.13,1624900
VCO,17-Sep-2001,17.22,17.22,16.804,16.86,9500
VCV,17-Sep-2001,16.34,16.34,16.32,16.32,9300
VFC,17-Sep-2001,7.875,7.9025,7.7025,7.7025,603900
VGM,17-Sep-2001,15.24,15.26,15.16,15.23,15600
VGR,17-Sep-2001,33.71,35.47,32.9,35.38,213348
VHI,17-Sep-2001,4.2833,4.2833,4.2833,4.2833,0
VIV,17-Sep-2001,7.75,7.9,7.5,7.9,16100
VKQ,17-Sep-2001,13.91,14.03,13.91,13.95,31500
VLO,17-Sep-2001,10.528,10.55,9.723,9.778,7870000
VLT,17-Sep-2001,32.15,33.5,32.15,32.15,9700
VLY,17-Sep-2001,17.93,19.32,17.93,18.5,281156
VMC,17-Sep-2001,46.89,47.4,43.68,43.99,300800
VMI,17-Sep-2001,14.97,15.8,14.7,14.9,14100
VMO,17-Sep-2001,16.15,16.25,16.05,16.11,22500
VNO,17-Sep-2001,40.75,41,38.9,39.18,4500100
VPV,17-Sep-2001,14.95,14.98,14.95,14.98,1300
VRX,17-Sep-2001,27,27.3,26.75,26.82,632000
VSH,17-Sep-2001,20,20,18.98,19.03,1216100
VTN,17-Sep-2001,16.63,16.72,16.47,16.55,19300
VTR,17-Sep-2001,11.25,11.73,11.2,11.2,316700
VVC,17-Sep-2001,21.5,21.65,21.02,21.02,144000
VVI,17-Sep-2001,23.4014,23.9292,22.3857,22.555,555200
VVR,17-Sep-2001,7.33,7.4,7.25,7.28,736000
VZ,17-Sep-2001,50.4,50.69,49.26,49.8,10774900
WAB,17-Sep-2001,6.65,6.75,6.45,6.45,325200
WAT,17-Sep-2001,33,33.98,32.05,33.1,1664800
WBK,17-Sep-2001,6.3,6.44,6.3,6.44,6200
WBS,17-Sep-2001,29.41,29.99,28.75,29.4,357900
WCC,17-Sep-2001,7.45,7.45,6.9,6.9,20700
WCN,17-Sep-2001,8.36,8.5953,7.5727,7.6707,960750
WDR,17-Sep-2001,28.4,28.4,25.92,25.95,403900
WEC,17-Sep-2001,12.175,12.25,11.995,12.02,456400
WES,17-Sep-2001,19.25,19.27,18.15,18.3,15300
WFC,17-Sep-2001,20.575,21.995,20.55,21.75,8323800
WFT,17-Sep-2001,8.708,8.85,8.183,8.213,1488500
WG,17-Sep-2001,13.5,13.9,13.5,13.61,22900
WGL,17-Sep-2001,26.7,26.88,26,26.39,127800
WGO,17-Sep-2001,12.5,12.5,11.18,11.28,457800
WHR,17-Sep-2001,58.65,58.75,54.05,54.06,1404800
WIT,17-Sep-2001,2.349,2.535,2.325,2.388,307200
WM,17-Sep-2001,28.75,28.9,27.45,27.5,4688100
WMB,17-Sep-2001,30.5,31.31,30.15,30.34,1625400
WMK,17-Sep-2001,27.9,28.05,26.82,26.82,29600
WMS,17-Sep-2001,12.673,12.84,11.539,11.539,529100
WMT,17-Sep-2001,44,46.1,42,44,17515100
WNC,17-Sep-2001,8.68,8.68,8,8,53600
WOR,17-Sep-2001,14.05,14.05,12.4,12.4,232200
WPC,17-Sep-2001,20,20.55,19.9,20.35,28200
WPP,17-Sep-2001,11.27,11.34,10.3,10.3,71700
WR,17-Sep-2001,18.25,18.25,17.46,17.46,188000
WRE,17-Sep-2001,23.6,23.8,21.81,23.5,200800
WRI,17-Sep-2001,20.53,20.53,19.46,19.6,503100
WSH,17-Sep-2001,17.35,20.5,17.35,19.25,1923400
WSM,17-Sep-2001,12.5,12.8,12.4,12.43,4655800
WSO,17-Sep-2001,11.72,11.75,11.25,11.4,27300
WST,17-Sep-2001,6.2,6.24,5.95,5.95,100600
WTM,17-Sep-2001,305,324.9,305,322,33100
WTR,17-Sep-2001,9.9904,10.752,9.9904,10.38,437343
WTS,17-Sep-2001,14.34,14.34,13.2,13.2,13300
WWE,17-Sep-2001,10.9,11.13,10.31,11.02,70200
WWW,17-Sep-2001,4.865,4.935,4.715,4.75,340350
WY,17-Sep-2001,50.5,51.11,47.59,48,1324800
X,17-Sep-2001,16.95,17,16,16.11,892900
XEL,17-Sep-2001,28.05,28.41,27.5,28.24,1061100
XKE,17-Sep-2001,9.75,9.75,9.7,9.75,2100
XL,17-Sep-2001,74.5,75,71.6,71.61,6107400
XOM,17-Sep-2001,41.24,41.45,39.77,40.15,16702500
XRX,17-Sep-2001,9,9.04,8.6,9,5778600
Y,17-Sep-2001,196.78,196.78,190.77,190.77,4653
YPF,17-Sep-2001,18.25,18.5,18.1,18.45,16900
YUM,17-Sep-2001,10.22,10.22,9.45,9.83,2106000
YZC,17-Sep-2001,1.582,1.582,1.576,1.582,1760
ZF,17-Sep-2001,29.96,33.4,29.64,31.6,183100
ZNH,17-Sep-2001,11.8,11.8,9.5,9.85,32500
ZTR,17-Sep-2001,28.76,29.2,28.2,28.36,315000
